Tarih;Saat;Üretim KGÜP;Tüketim KGÜP ;Doğal Gaz;Rüzgar;Linyit;Taş Kömürü;İthal Kömür;Fuel Oil;Jeotermal;Barajlı;Nafta;Biokütle;motorin;lpg;biogaz;gol_tipi;kanal_tipi;gunes;lfg_copgazi;dalga;gel_git;nehir;rezervuarli;prolitik;siyah_likor;lng;proses_atik_isisi;asfaltit;rezervuarli_kanal_tipi;Lisanssız Üretim KGÜP;
14/07/2026;0;41893.89;-41072.06;4418.05;5680.75;4992.60;269.00;9361.50;0.00;872.84;0;0.00;848.55;0;0;3.10;0;2614.90;0.00;94.15;0;0;297.00;12231.85;0.00;0;0;3.80;146.00;59.80;81.67;
14/07/2026;1;40015.04;-38963.03;4359.50;5539.84;4974.00;269.00;9361.50;0.00;881.94;0;0.00;851.73;0;0;3.10;0;2519.64;0.00;94.14;0;0;283.20;10667.85;0.00;0;0;3.80;146.00;59.80;80.97;
14/07/2026;2;38504.94;-37312.20;3941.39;5494.21;4973.00;269.00;9363.50;0.00;898.48;0;0.00;851.95;0;0;4.04;0;2440.83;0.00;90.99;0;0;295.10;9666.35;0.00;0;0;3.80;146.00;66.30;79.86;
14/07/2026;3;37056.10;-36162.07;3088.49;5652.44;4932.00;269.00;9272.50;0.00;910.98;0;0.00;843.94;0;0;3.10;0;2452.91;0.00;90.99;0;0;353.60;8960.35;0.00;0;0;3.80;186.00;36.00;84.32;
14/07/2026;4;36110.55;-35206.31;2438.55;5849.45;5023.00;269.00;9272.50;0.00;925.02;0;0.00;839.52;0;0;3.10;0;2398.75;0.01;91.50;0;0;359.10;8421.35;0.00;0;0;4.00;186.00;29.70;98.90;
14/07/2026;5;35166.02;-34171.65;2129.58;5935.40;4988.10;269.00;9273.50;0.00;934.16;0;0.00;835.19;0;0;3.11;0;2209.66;30.66;91.00;0;0;260.76;7988.80;0.00;0;0;3.80;186.00;27.30;255.67;
14/07/2026;6;33970.67;-34127.99;2034.57;5979.98;4899.60;248.00;8191.50;0.00;940.36;0;0.00;844.54;0;0;4.24;0;2088.68;584.27;86.71;0;0;262.26;7588.36;0.00;0;0;3.80;186.00;27.80;1412.06;
14/07/2026;7;33521.47;-36601.04;1853.28;5762.90;4777.10;248.00;7276.10;0.00;928.16;0;0.00;860.68;0;0;3.94;0;1937.76;1698.52;86.76;0;0;191.11;7690.26;0.00;0;0;3.80;186.00;17.10;4397.51;
14/07/2026;8;36250.95;-42742.39;1820.02;5772.20;4787.10;248.00;7928.20;0.10;902.52;0;0.00;883.74;0;0;4.11;0;2093.49;2353.81;93.97;0;0;315.06;8845.03;0.00;0;0;3.80;186.00;13.80;8316.20;
14/07/2026;9;36029.36;-45848.51;1834.71;5845.65;4766.00;248.00;7076.60;0.90;878.48;0;0.00;904.62;0;0;4.24;0;2150.89;2581.76;93.90;0;0;337.59;9099.92;0.00;0;0;3.80;186.00;16.30;11922.45;
14/07/2026;10;35026.01;-47499.12;1833.31;5890.87;4768.79;248.00;6180.80;1.60;855.54;0;0.00;931.41;0;0;3.47;0;2065.26;2688.54;88.90;0;0;306.95;8956.47;0.00;0;0;3.80;186.00;16.30;14489.11;
14/07/2026;11;34906.53;-48628.57;1862.09;5970.44;4761.90;248.00;5918.30;1.70;830.80;0;0.00;937.65;0;0;3.96;0;2096.32;2724.79;90.79;0;0;303.56;8950.13;0.00;0;0;3.80;186.00;16.30;15826.33;
14/07/2026;12;33719.97;-47827.11;1843.88;6223.40;4704.80;248.00;5119.70;2.00;800.96;0;0.00;934.44;0;0;3.60;0;1946.16;2697.05;89.74;0;0;248.72;8651.42;0.00;0;0;3.80;186.00;16.30;16240.64;
14/07/2026;13;35096.47;-48849.41;1838.12;6780.41;4807.19;248.00;5307.50;1.60;776.86;0;0.00;943.78;0;0;4.54;0;1971.47;2736.55;90.71;0;0;337.50;9046.14;0.00;0;0;3.80;186.00;16.30;15944.11;
14/07/2026;14;37407.36;-49931.60;1825.91;7241.23;4831.59;248.00;6334.70;1.00;759.15;0;0.00;939.82;0;0;4.34;0;2029.31;2701.21;96.50;0;0;313.94;9874.56;0.00;0;0;3.80;186.00;16.30;14836.67;
14/07/2026;15;38976.51;-49788.59;1727.83;7686.94;4477.70;248.00;7766.50;0.00;745.26;0;0.00;908.12;0;0;4.54;0;2019.30;2634.26;95.58;0;0;248.97;10207.41;0.00;0;0;3.80;186.00;16.30;12905.81;
14/07/2026;16;41256.60;-49205.61;1753.41;7925.77;4587.90;269.00;8596.70;0.00;741.66;0;0.00;906.41;0;0;4.04;0;2143.59;2442.79;97.49;0;0;248.24;11343.20;0.00;0;0;3.80;146.00;46.60;9917.03;
14/07/2026;17;43332.08;-48251.95;2622.64;7927.90;4336.30;269.00;9190.50;0.00;732.42;0;0.00;882.08;0;0;4.04;0;2238.80;1980.45;98.20;0;0;254.92;12592.23;0.00;0;0;3.80;146.00;52.80;6221.71;
14/07/2026;18;45383.80;-46537.19;4099.44;8132.38;4348.30;269.00;9310.50;0.00;735.12;0;0.00;870.24;0;0;3.59;0;2495.63;999.77;98.98;0;0;271.06;13549.19;0.00;0;0;3.80;146.00;50.80;2677.50;
14/07/2026;19;46871.47;-46107.23;5319.70;7866.48;4206.90;269.00;9308.50;0.00;751.22;0;0.00;847.65;0;0;3.59;0;2829.64;166.73;98.41;0;0;386.75;14606.80;0.00;0;0;3.80;146.00;60.30;642.01;
14/07/2026;20;48275.81;-47276.20;6189.41;7770.01;4063.60;269.00;9307.50;0.00;775.96;0;0.00;852.99;0;0;3.10;0;3270.61;125.07;98.41;0;0;408.50;14932.05;0.00;0;0;3.80;146.00;59.80;113.77;
14/07/2026;21;48220.69;-47061.28;6407.30;7682.41;4074.00;269.00;9281.50;0.00;805.06;0;0.00;840.14;0;0;3.10;0;3320.99;11.79;98.25;0;0;421.30;14794.05;0.00;0;0;6.00;146.00;59.80;89.72;
14/07/2026;22;46231.65;-45492.30;5249.04;7321.47;4033.60;269.00;9281.50;0.00;830.50;0;0.00;858.41;0;0;3.10;0;3027.96;0.00;96.65;0;0;397.97;14650.65;0.00;0;0;6.00;146.00;59.80;87.95;
14/07/2026;23;44474.08;-43373.54;4314.07;7193.72;3997.60;269.00;9291.50;0.00;852.10;0;0.00;848.23;0;0;4.04;0;2824.92;0.00;96.65;0;0;284.50;14285.95;0.00;0;0;6.00;146.00;59.80;80.30;
15/07/2026;0;40417.03;-39585.00;2468.35;7156.05;3823.00;269.00;9317.50;2.80;918.17;0;0.00;874.82;0;1.50;3.30;0;2672.34;0.29;96.81;0;0;346.70;12259.50;0.00;0;0;3.80;146.00;57.10;76.04;
15/07/2026;1;37774.23;-37235.42;1678.25;6892.54;3829.00;269.00;9317.50;2.80;929.46;0;0.00;884.79;0;1.50;4.24;0;2534.25;0.29;96.81;0;0;337.40;10789.50;0.00;0;0;3.80;146.00;57.10;75.30;
15/07/2026;2;36072.73;-35399.28;1696.45;6726.89;3909.00;269.00;9309.50;2.80;939.94;0;0.00;893.05;0;1.50;4.24;0;2464.11;0.29;94.96;0;0;281.90;9262.50;0.00;0;0;3.80;186.00;26.80;76.23;
15/07/2026;3;34572.19;-34251.36;1727.25;6466.05;3854.00;269.00;9205.50;2.80;953.67;0;0.00;879.54;0;1.50;4.24;0;2378.44;0.29;91.31;0;0;339.80;8188.50;0.00;0;0;3.80;186.00;20.50;81.47;
15/07/2026;4;33515.21;-33181.46;1720.56;6334.02;3860.00;269.00;9205.50;2.80;966.68;0;0.00;866.78;0;1.50;4.24;0;2201.72;0.15;95.46;0;0;339.90;7432.50;0.00;0;0;3.80;186.00;24.60;97.55;
15/07/2026;5;32741.43;-32255.71;1720.65;6334.61;3960.10;269.00;9206.50;2.80;974.33;0;0.00;868.14;0;1.50;4.24;0;2127.28;31.92;95.96;0;0;272.01;6656.70;0.00;0;0;5.09;186.00;24.60;245.72;
15/07/2026;6;30909.44;-32001.59;1719.85;6306.29;3992.00;248.00;7938.50;2.80;979.66;0;0.00;883.74;0;1.50;4.54;0;2082.88;599.20;90.60;0;0;270.87;5570.37;0.00;0;0;4.84;186.00;27.80;1419.72;
15/07/2026;7;30044.12;-33626.68;1721.35;6162.18;3943.60;248.00;6374.80;2.80;965.13;0;0.00;897.20;0;1.50;4.54;0;1924.79;1800.67;91.57;0;0;265.83;5433.26;0.00;0;0;3.80;186.00;17.10;4516.78;
15/07/2026;8;30958.75;-38395.18;1713.17;6113.92;3956.50;248.00;6465.90;2.90;938.46;0;0.00;922.33;0;1.50;4.74;0;2026.85;2448.26;100.94;0;0;325.38;5486.30;0.00;0;0;3.80;186.00;13.80;8692.87;
15/07/2026;9;30136.38;-41625.19;1723.28;6220.36;3821.60;248.00;5664.10;3.70;919.01;0;0.00;943.25;0;1.50;4.74;0;2016.13;2652.05;101.02;0;0;323.52;5288.27;0.00;0;0;3.55;186.00;16.30;12557.50;
15/07/2026;10;29912.72;-43691.65;1721.38;6546.13;3815.40;248.00;5422.60;4.40;894.99;0;0.00;949.42;0;1.50;4.74;0;1936.65;2744.55;95.46;0;0;259.64;5061.76;0.00;0;0;3.80;186.00;16.30;15250.36;
15/07/2026;11;30227.26;-45255.17;1739.23;6715.81;3895.50;240.00;5109.50;4.50;866.85;0;0.00;957.95;0;1.50;4.74;0;1955.48;2777.04;95.83;0;0;248.34;5412.99;0.00;0;0;3.80;186.00;12.20;16693.35;
15/07/2026;12;29572.74;-44903.96;1740.91;6971.04;3660.70;248.00;4765.50;4.80;837.77;0;0.00;954.25;0;1.50;3.80;0;1799.28;2730.87;91.40;0;0;238.74;5322.18;0.00;0;0;3.80;186.00;12.20;17145.85;
15/07/2026;13;30466.37;-45903.50;1731.75;7390.72;3713.80;248.00;5015.50;4.40;815.01;0;0.00;957.24;0;1.50;4.74;0;1869.58;2770.79;93.85;0;0;288.04;5359.45;0.00;0;0;3.80;186.00;12.20;16952.97;
15/07/2026;14;32803.22;-46778.73;1731.32;7600.92;3641.19;248.00;6797.00;3.80;800.36;0;0.00;950.81;0;1.50;4.74;0;1942.23;2720.23;99.66;0;0;314.81;5744.65;0.00;0;0;3.80;186.00;12.20;15855.45;
15/07/2026;15;34084.07;-46582.47;1707.16;7735.10;3639.09;248.00;7306.50;2.80;788.36;0;0.00;941.24;0;1.50;4.74;0;1904.60;2646.34;98.74;0;0;329.29;6528.61;0.00;0;0;3.80;186.00;12.20;13868.44;
15/07/2026;16;37164.48;-46013.78;1726.88;7797.65;3637.10;248.00;7685.10;2.80;773.59;0;0.00;923.79;0;1.50;4.24;0;1925.99;2452.60;100.88;0;0;318.61;9364.53;0.00;0;0;3.02;186.00;12.20;10720.28;
15/07/2026;17;39847.24;-45379.04;1714.65;8036.17;3805.10;248.00;8625.50;2.80;765.07;0;0.00;897.49;0;1.50;3.95;0;2209.72;2033.38;101.69;0;0;329.23;10885.99;0.00;0;0;0.00;146.00;41.00;6724.85;
15/07/2026;18;42469.84;-44360.19;1934.97;8027.55;4051.20;269.00;9190.50;2.80;766.29;0;0.00;873.22;0;1.50;3.51;0;2470.35;1093.12;101.87;0;0;266.24;13220.42;0.00;0;0;0.00;146.00;51.30;2900.11;
15/07/2026;19;44495.95;-44139.04;2685.38;8158.69;4214.40;269.00;9188.50;2.80;780.65;0;0.00;859.23;0;1.50;3.30;0;2819.75;189.34;101.15;0;0;275.54;14737.36;0.00;0;0;3.06;146.00;60.30;684.50;
15/07/2026;20;46127.54;-45483.24;3640.45;8172.89;4282.00;269.00;9187.50;2.80;805.66;0;0.00;856.17;0;1.50;3.30;0;3202.40;121.02;101.05;0;0;397.00;14879.30;0.00;0;0;3.80;146.00;55.70;115.91;
15/07/2026;21;46263.69;-45416.10;3552.19;8224.43;4350.00;269.00;9304.50;2.80;833.65;0;0.00;865.07;0;1.50;3.30;0;3085.05;69.62;100.11;0;0;406.00;14993.90;0.00;0;0;0.87;146.00;55.70;97.67;
15/07/2026;22;44936.03;-44135.39;3206.82;8096.57;4192.00;269.00;9304.50;2.80;858.28;0;0.00;860.93;0;1.50;3.95;0;2811.56;0.29;99.81;0;0;289.50;14737.85;0.00;0;0;1.67;146.00;53.00;94.64;
15/07/2026;23;43633.26;-42290.99;2808.63;7797.41;4200.00;269.00;9304.50;2.80;876.22;0;0.00;851.08;0;1.50;3.62;0;2594.21;0.29;101.11;0;0;267.80;14355.19;0.00;0;0;0.90;146.00;53.00;92.31;
16/07/2026;0;41207.35;-38690.14;4241.24;6873.94;4219.50;269.00;9348.50;0.50;863.92;0;0.00;822.78;0;0;3.32;0;2585.04;0.00;91.11;0;0;326.61;11326.89;0.00;0;0;0.00;146.00;89.00;85.32;
16/07/2026;1;39269.53;-36515.53;4035.30;6543.65;4138.50;269.00;9343.50;0.50;874.04;0;0.00;820.39;0;0;3.20;0;2398.16;0.00;91.10;0;0;320.30;10196.89;0.00;0;0;0.00;146.00;89.00;84.97;
16/07/2026;2;37656.38;-34980.34;3769.24;6311.46;4327.00;269.00;9348.50;0.50;885.10;0;0.00;821.37;0;0;3.51;0;2272.24;0.00;89.27;0;0;250.60;9103.89;0.00;0;0;0.00;146.00;58.70;86.55;
16/07/2026;3;36597.57;-33959.28;3890.24;6236.67;4299.70;269.00;9242.50;0.50;900.01;0;0.00;823.20;0;0;3.29;0;2307.74;0.00;90.53;0;0;262.30;8033.49;0.00;0;0;0.00;186.00;52.40;90.51;
16/07/2026;4;35622.56;-33158.42;3288.52;6310.04;4216.20;269.00;9247.50;0.50;912.82;0;0.00;821.89;0;0;3.20;0;2312.14;0.01;90.95;0;0;263.00;7644.29;0.00;0;0;0.00;186.00;56.50;103.91;
16/07/2026;5;34561.50;-32328.41;2755.62;6310.35;4215.40;269.00;9248.50;0.50;922.77;0;0.00;818.13;0;0;3.20;0;2205.25;29.11;91.15;0;0;247.53;7202.49;0.00;0;0;0.00;186.00;56.50;254.72;
16/07/2026;6;33530.80;-32398.86;2390.20;6535.15;4182.50;269.00;9230.50;0.50;927.98;0;0.00;826.42;0;0;3.50;0;1933.00;582.64;85.80;0;0;244.74;6073.17;0.00;0;0;0.00;186.00;59.70;1431.71;
16/07/2026;7;33456.82;-35000.06;2384.95;6438.30;3838.10;248.00;8615.10;0.50;919.25;0;0.00;846.35;0;0;4.44;0;1819.02;1761.13;86.75;0;0;191.67;6068.26;0.00;0;0;0.00;186.00;49.00;4521.67;
16/07/2026;8;35772.01;-40948.13;2327.31;6307.15;3672.20;248.00;9106.30;0.60;888.61;0;0.00;876.24;0;0;4.64;0;1971.35;2405.62;96.23;0;0;249.95;7386.11;0.00;0;0;0.00;186.00;45.70;8577.96;
16/07/2026;9;35875.60;-44007.28;2334.48;6267.70;3677.40;248.00;8878.50;1.40;864.66;0;0.00;896.55;0;0;4.64;0;1865.65;2585.78;96.23;0;0;244.43;7675.98;0.00;0;0;0.00;186.00;48.20;12363.37;
16/07/2026;10;35104.85;-45623.28;2334.01;6482.47;3806.50;248.00;7802.50;2.10;842.58;0;0.00;914.10;0;0;4.64;0;1855.96;2704.61;89.49;0;0;239.32;7544.37;0.00;0;0;0.00;186.00;48.20;15005.40;
16/07/2026;11;35034.49;-46860.64;2319.18;6690.24;3863.69;248.00;7141.50;2.20;817.85;0;0.00;924.05;0;0;4.64;0;1904.31;2744.98;89.83;0;0;217.82;7832.00;0.00;0;0;0.00;186.00;48.20;16356.43;
16/07/2026;12;33960.22;-46087.42;2309.18;6894.79;3888.90;248.00;6699.80;2.50;791.12;0;0.00;933.60;0;0;4.84;0;1748.19;2686.28;88.09;0;0;160.37;7270.36;0.00;0;0;0.00;186.00;48.20;16868.87;
16/07/2026;13;35509.24;-47250.20;2305.95;7340.99;4056.60;248.00;7459.40;2.10;769.49;0;0.00;938.65;0;0;4.84;0;1782.38;2615.58;87.24;0;0;219.67;7444.15;0.00;0;0;0.00;186.00;48.20;16549.89;
16/07/2026;14;38090.55;-48307.61;2327.57;7612.80;4231.60;248.00;8373.50;1.50;753.03;0;0.00;925.15;0;0;4.51;0;1839.14;2636.54;93.05;0;0;234.84;8575.12;0.00;0;0;0.00;186.00;48.20;15463.71;
16/07/2026;15;39645.95;-48138.72;2322.69;7963.12;4282.80;248.00;9169.02;0.50;738.01;0;0.00;924.05;0;0;4.84;0;1835.44;2594.10;92.15;0;0;242.66;9034.37;0.00;0;0;0.00;146.00;48.20;13475.27;
16/07/2026;16;41739.10;-47571.37;2670.45;8325.51;4317.50;269.00;9274.50;0.50;726.59;0;0.00;894.23;0;0;3.77;0;1917.74;2437.73;96.37;0;0;256.02;10354.99;0.00;0;0;0.00;146.00;48.20;10352.06;
16/07/2026;17;44825.81;-46426.60;3662.63;8538.96;4466.20;269.00;9260.50;0.50;718.08;0;0.00;868.02;0;0;3.74;0;2109.85;2054.10;97.55;0;0;252.17;12302.51;0.00;0;0;0.00;146.00;76.00;6512.88;
16/07/2026;18;46759.40;-44844.93;4966.32;8785.22;4563.40;269.00;9422.50;0.50;721.15;0;0.00;856.76;0;0;4.14;0;2289.97;1078.18;97.50;0;0;227.83;13248.23;0.00;0;0;0.00;146.00;82.70;2776.48;
16/07/2026;19;48109.08;-44311.58;5863.89;8903.64;4463.20;269.00;9420.50;0.50;737.36;0;0.00;838.07;0;0;3.94;0;2701.64;181.49;96.46;0;0;288.14;14103.05;0.00;0;0;0.00;146.00;92.20;656.66;
16/07/2026;20;49429.79;-45341.53;6123.60;8991.13;4502.00;269.00;9419.50;0.50;759.41;0;0.00;839.83;0;0;3.94;0;3175.26;94.07;96.26;0;0;310.60;14606.99;0.00;0;0;0.00;146.00;91.70;114.17;
16/07/2026;21;49000.74;-45155.38;6104.81;8840.23;4542.50;269.00;9411.50;0.50;785.27;0;0.00;844.33;0;0;3.94;0;3100.82;36.36;95.39;0;0;333.20;14395.19;0.00;0;0;0.00;146.00;91.70;94.70;
16/07/2026;22;47567.35;-43809.90;5652.16;8673.04;4493.00;269.00;9411.50;0.50;811.82;0;0.00;845.60;0;0;4.14;0;2818.88;0.00;93.62;0;0;284.20;13974.89;0.00;0;0;0.00;146.00;89.00;94.27;
16/07/2026;23;45668.99;-41935.82;4870.65;8431.52;4523.40;269.00;9412.50;0.50;828.23;0;0.00;846.11;0;0;4.14;0;2628.45;0.00;94.00;0;0;270.00;13255.49;0.00;0;0;0.00;146.00;89.00;92.46;
17/07/2026;0;43036.49;-41892.09;5231.06;8061.31;4625.60;269.00;9384.50;3.00;852.73;0;0.00;831.57;0;0;4.24;0;2542.08;0.00;92.81;0;0;334.40;10565.19;0.00;0;0;0.00;146.00;93.00;93.60;
17/07/2026;1;40441.57;-39480.13;4806.22;7814.48;4495.60;269.00;9384.50;3.00;862.22;0;0.00;828.00;0;0;4.19;0;2368.05;10.60;91.52;0;0;330.50;8934.69;0.00;0;0;0.00;146.00;93.00;92.34;
17/07/2026;2;38843.89;-37738.87;4739.92;7673.64;4577.60;269.00;9387.50;3.00;874.44;0;0.00;845.18;0;0;4.24;0;2223.01;0.00;89.77;0;0;263.80;7653.79;0.00;0;0;0.00;146.00;93.00;92.12;
17/07/2026;3;37733.43;-36514.15;4476.37;7616.70;4584.60;269.00;9243.50;3.00;890.97;0;0.00;841.17;0;0;4.04;0;2198.62;0.00;89.77;0;0;236.80;7070.19;0.00;0;0;0.00;146.00;62.70;97.55;
17/07/2026;4;36630.59;-35505.07;3533.38;7580.48;4561.00;269.00;9243.50;3.00;904.13;0;0.00;839.64;0;0;4.04;0;2239.17;0.01;90.15;0;0;244.90;6915.79;0.00;0;0;0.00;146.00;56.40;111.34;
17/07/2026;5;35460.41;-34588.10;2724.47;7770.24;4566.00;269.00;9244.50;3.00;909.20;0;0.00;839.20;0;0;4.04;0;2158.60;24.69;89.78;0;0;246.00;6411.69;0.00;0;0;0.00;146.00;54.00;257.72;
17/07/2026;6;34336.32;-34549.65;2325.46;7748.58;4505.60;269.00;9074.50;3.00;913.98;0;0.00;850.90;0;0;3.98;0;1868.64;554.53;84.42;0;0;233.97;5696.56;0.00;0;0;0.00;146.00;57.20;1429.24;
17/07/2026;7;33911.91;-37052.41;2211.47;7564.67;4397.10;240.00;8066.93;3.00;904.46;0;0.00;862.00;0;0;4.44;0;1683.50;1715.83;85.38;0;0;174.68;5805.95;0.00;0;0;0.00;146.00;46.50;4491.39;
17/07/2026;8;36325.94;-43330.89;1991.03;7431.32;4574.19;269.00;8691.50;3.10;885.75;0;0.00;880.34;0;0;3.80;0;1848.53;2391.77;94.76;0;0;303.76;6761.39;0.00;0;0;0.00;146.00;49.70;8512.96;
17/07/2026;9;36123.82;-46670.24;2248.42;7564.97;4499.80;269.00;7837.00;3.90;861.09;0;0.00;900.94;0;0;4.17;0;1860.77;2615.72;93.65;0;0;302.28;6863.91;0.00;0;0;0.00;146.00;52.20;12287.18;
17/07/2026;10;35512.95;-48437.35;2638.48;7829.72;4227.90;269.00;7116.50;4.60;839.46;0;0.00;912.01;0;0;4.23;0;1805.75;2729.60;88.10;0;0;287.04;6562.36;0.00;0;0;0.00;146.00;52.20;14894.10;
17/07/2026;11;35733.01;-49720.79;2644.23;8136.74;4326.40;248.00;6698.50;4.70;815.63;0;0.00;915.25;0;0;4.56;0;1784.47;2765.64;87.57;0;0;287.64;6815.48;0.00;0;0;0.00;146.00;52.20;16254.64;
17/07/2026;12;34286.87;-48712.46;2656.96;8284.29;4328.80;248.00;5384.50;5.00;788.31;0;0.00;913.42;0;0;4.51;0;1754.75;2734.74;86.13;0;0;162.62;6728.24;0.00;0;0;1.90;146.00;58.70;16786.67;
17/07/2026;13;34606.67;-49041.05;2655.98;8631.58;4398.90;129.00;5629.30;4.60;764.79;0;0.00;918.54;0;0;4.74;0;1785.69;2746.63;87.52;0;0;156.42;6486.38;0.00;0;0;1.90;146.00;58.70;16509.93;
17/07/2026;14;38002.53;-51164.52;2623.58;8906.05;4314.30;129.00;7995.60;4.00;748.93;0;0.00;905.03;0;0;4.34;0;1834.24;2703.93;94.31;0;0;286.34;7245.48;0.00;0;0;2.70;146.00;58.70;15357.94;
17/07/2026;15;40384.99;-51173.22;2575.06;9070.61;4315.60;129.00;8824.30;3.00;733.29;0;0.00;903.63;0;0;4.74;0;1726.46;2595.36;93.54;0;0;209.82;8993.48;0.00;0;0;2.70;146.00;58.40;13347.60;
17/07/2026;16;42457.14;-50584.27;2572.70;9299.02;4460.50;129.00;9104.50;3.00;722.20;0;0.00;894.58;0;0;4.08;0;1830.06;2439.78;95.61;0;0;230.69;10464.32;0.00;0;0;2.70;146.00;58.40;10236.72;
17/07/2026;17;44736.13;-49451.81;3431.29;9335.76;4562.79;129.00;9260.50;3.00;714.27;0;0.00;877.77;0;0;3.97;0;2116.88;2011.65;96.60;0;0;336.39;11627.56;0.00;0;0;2.70;146.00;80.00;6392.61;
17/07/2026;18;46502.70;-47742.15;4761.63;9482.11;4333.10;129.00;9436.50;3.00;715.00;0;0.00;857.83;0;0;4.14;0;2281.36;1048.98;95.88;0;0;256.38;12861.89;0.00;0;0;2.70;146.00;87.20;2752.19;
17/07/2026;19;47921.74;-47041.74;6001.14;9390.75;4335.00;129.00;9434.50;3.00;729.30;0;0.00;847.85;0;0;3.82;0;2637.06;169.03;94.97;0;0;296.03;13606.19;0.00;0;0;1.90;146.00;96.20;664.03;
17/07/2026;20;49311.41;-48032.76;6482.15;9256.37;4341.60;129.00;9433.50;3.00;752.30;0;0.00;845.42;0;0;3.93;0;3181.07;94.69;94.86;0;0;392.60;14057.32;0.00;0;0;1.90;146.00;95.70;121.92;
17/07/2026;21;49164.47;-47868.97;6552.11;9026.59;4352.60;129.00;9411.50;3.00;779.53;0;0.00;850.63;0;0;4.14;0;3225.62;42.70;93.91;0;0;399.80;14049.74;0.00;0;0;1.90;146.00;95.70;100.91;
17/07/2026;22;47497.13;-46508.33;6460.94;8534.65;4377.60;129.00;9411.50;3.00;802.15;0;0.00;842.80;0;0;3.82;0;2841.01;0.00;93.92;0;0;362.40;13394.24;0.00;0;0;1.10;146.00;93.00;96.65;
17/07/2026;23;45655.48;-44488.47;5993.09;7935.27;4363.60;129.00;9411.50;3.00;819.57;0;0.00;843.51;0;0;3.85;0;2502.65;0.00;92.60;0;0;256.40;13061.34;0.00;0;0;1.10;146.00;93.00;92.47;
18/07/2026;0;43067.90;-42272.25;5302.10;7660.89;4262.00;127.00;9394.50;2.30;832.58;0;0.00;842.53;0;0;3.83;0;2343.56;0.00;90.11;0;0;251.20;11752.50;0.00;0;0;0.00;146.00;56.80;89.02;
18/07/2026;1;41006.55;-39871.88;5112.16;7183.62;4246.00;127.00;9394.50;2.30;846.40;0;0.00;840.94;0;0;4.09;0;2192.03;0.00;90.11;0;0;237.30;10527.30;0.00;0;0;0.00;146.00;56.80;88.56;
18/07/2026;2;39192.58;-38059.61;5027.26;6822.85;4110.00;127.00;9395.71;2.30;860.76;0;0.00;843.49;0;0;4.14;0;2119.26;0.00;88.26;0;0;246.00;9342.75;0.00;0;0;0.00;146.00;56.80;88.22;
18/07/2026;3;37888.15;-36694.74;4291.66;6611.07;4096.00;127.00;9344.50;2.30;874.07;0;0.00;843.39;0;0;4.14;0;2104.08;0.00;88.27;0;0;295.80;9003.07;0.00;0;0;0.00;146.00;56.80;93.21;
18/07/2026;4;36555.13;-35639.83;3356.56;6649.14;4118.00;127.00;9344.50;2.30;887.68;0;0.00;841.97;0;0;4.14;0;2094.57;0.01;88.69;0;0;297.20;8569.97;0.00;0;0;0.90;146.00;26.50;106.89;
18/07/2026;5;35300.68;-34642.00;2978.45;6547.55;4101.00;127.00;9344.50;2.30;894.23;0;0.00;840.34;0;0;3.95;0;1985.90;21.17;88.28;0;0;292.61;7905.50;0.00;0;0;1.70;146.00;20.20;254.54;
18/07/2026;6;33549.21;-34193.85;1903.35;6567.12;4104.60;127.00;9083.00;2.30;897.04;0;0.00;849.24;0;0;4.34;0;1775.64;516.98;82.92;0;0;281.83;7185.15;0.00;0;0;1.70;146.00;21.00;1416.81;
18/07/2026;7;32314.98;-35730.77;1736.76;6402.72;3913.10;127.00;7479.50;2.30;887.81;0;0.00;865.79;0;0;4.34;0;1667.12;1631.05;83.87;0;0;232.38;7123.04;0.00;0;0;1.90;146.00;10.30;4531.37;
18/07/2026;8;33327.01;-40522.02;1714.90;6300.98;3923.10;127.00;7355.90;2.40;870.41;0;0.00;891.75;0;0;4.64;0;1858.63;2349.82;93.18;0;0;289.21;7384.59;0.00;0;0;1.00;146.00;13.50;8716.92;
18/07/2026;9;32979.52;-43748.80;1732.87;6381.75;3913.30;127.00;5989.50;3.20;852.06;0;0.00;903.24;0;0;4.44;0;1891.51;2571.97;86.86;0;0;301.72;8057.10;0.00;0;0;1.00;146.00;16.00;12656.72;
18/07/2026;10;32227.21;-45815.62;1732.24;6558.52;3901.30;127.00;5057.30;3.90;833.68;0;0.00;906.41;0;0;4.44;0;1853.08;2692.20;78.60;0;0;286.38;8022.66;0.00;0;0;1.00;146.00;22.50;15315.82;
18/07/2026;11;32051.87;-47186.25;1728.59;6578.58;3897.10;127.00;4856.30;4.00;810.15;0;0.00;914.83;0;0;4.24;0;1852.02;2713.91;77.74;0;0;285.32;8031.89;0.00;0;0;1.70;146.00;22.50;16687.98;
18/07/2026;12;31571.76;-46862.79;1731.80;6674.94;3951.69;127.00;4676.50;4.30;786.82;0;0.00;908.73;0;0;3.70;0;1699.85;2648.16;77.90;0;0;224.53;7885.64;0.00;0;0;1.70;146.00;22.50;17098.60;
18/07/2026;13;32271.50;-47733.69;1731.78;6908.90;3999.69;127.00;4696.50;3.90;764.25;0;0.00;925.27;0;0;4.48;0;1844.06;2670.66;78.33;0;0;267.01;8079.47;0.00;0;0;1.70;146.00;22.50;16794.07;
18/07/2026;14;33847.13;-48125.97;1728.20;7034.93;3920.69;127.00;5263.50;3.30;744.69;0;0.00;920.48;0;0;4.64;0;1880.34;2671.11;82.85;0;0;274.33;9027.07;0.00;0;0;2.00;146.00;16.00;15723.82;
18/07/2026;15;35097.45;-47636.96;1725.04;7264.59;3682.90;127.00;5945.50;2.30;730.01;0;0.00;909.74;0;0;4.64;0;1781.42;2595.07;81.58;0;0;162.37;9920.69;0.00;0;0;2.60;146.00;16.00;13587.60;
18/07/2026;16;37676.77;-46910.01;1777.25;7270.65;3718.30;127.00;7437.40;2.30;719.42;0;0.00;898.89;0;0;4.24;0;1852.38;2439.27;84.90;0;0;233.96;10946.41;0.00;0;0;2.40;146.00;16.00;10473.30;
18/07/2026;17;41005.44;-46243.31;2807.35;7194.84;3965.10;127.00;8857.50;2.30;703.14;0;0.00;876.69;0;0;4.24;0;2001.21;1965.76;92.70;0;0;287.10;11928.01;0.00;0;0;2.50;146.00;44.00;6569.92;
18/07/2026;18;43918.01;-45797.41;4928.65;7393.02;4114.80;127.00;9410.50;2.30;705.15;0;0.00;853.44;0;0;4.14;0;2082.30;915.64;93.26;0;0;325.80;12762.71;0.00;0;0;2.60;146.00;50.70;2787.31;
18/07/2026;19;46320.53;-45552.94;7127.30;7291.49;4134.30;127.00;9407.50;2.30;717.56;0;0.00;835.28;0;0;3.69;0;2369.64;130.85;93.48;0;0;353.62;13518.02;0.00;0;0;2.50;146.00;60.00;640.55;
18/07/2026;20;48007.41;-46769.64;7694.27;7175.63;4294.00;127.00;9407.50;2.30;740.11;0;0.00;840.44;0;0;4.12;0;2890.55;100.61;93.78;0;0;377.90;14051.80;0.00;0;0;1.90;146.00;59.50;103.50;
18/07/2026;21;47783.33;-46508.72;7530.27;6965.87;4395.00;127.00;9429.50;2.30;766.23;0;0.00;842.82;0;0;4.14;0;2982.52;48.50;92.84;0;0;386.10;14002.84;0.00;0;0;1.90;146.00;59.50;87.44;
18/07/2026;22;46019.60;-44820.64;7490.61;6390.03;4424.00;127.00;9429.50;2.30;794.48;0;0.00;843.97;0;0;3.74;0;2676.53;0.00;92.34;0;0;354.00;13187.30;0.00;0;0;1.00;146.00;56.80;82.43;
18/07/2026;23;44021.17;-42827.78;6810.93;5965.07;4336.00;127.00;9429.50;2.30;810.99;0;0.00;845.31;0;0;3.82;0;2404.93;0.00;91.12;0;0;328.70;12661.80;0.00;0;0;0.90;146.00;56.80;79.29;
19/07/2026;0;42042.28;-40030.97;6046.77;5483.32;4544.00;129.00;9372.50;0.60;825.18;0;0.00;837.92;0;0;3.64;0;2299.68;0.00;89.72;0;0;263.10;11939.95;0.00;0;0;0.00;150.00;56.90;78.79;
19/07/2026;1;39871.93;-37650.73;5985.76;4999.48;4526.00;129.00;9372.50;0.60;837.60;0;0.00;837.30;0;0;3.64;0;2179.53;0.00;88.91;0;0;240.66;10463.15;0.00;0;0;0.90;150.00;56.90;75.90;
19/07/2026;2;38230.16;-35815.94;5806.26;4617.77;4539.00;129.00;9372.50;0.60;852.46;0;0.00;841.75;0;0;4.04;0;2203.59;0.00;89.22;0;0;245.42;9321.65;0.00;0;0;0.00;150.00;56.90;75.75;
19/07/2026;3;36491.40;-34477.37;5217.07;4232.12;4489.00;129.00;9352.50;0.60;864.07;0;0.00;838.02;0;0;3.84;0;2145.65;0.01;89.17;0;0;286.60;8667.15;0.00;0;0;0.00;150.00;26.60;77.41;
19/07/2026;4;35229.75;-33351.05;4647.07;4051.89;4497.90;259.00;9354.00;0.60;873.78;0;0.00;840.91;0;0;4.04;0;2020.05;0.00;86.56;0;0;289.30;8133.55;0.00;0;0;0.80;150.00;20.30;89.58;
19/07/2026;5;33669.31;-32149.57;3662.77;3819.60;4470.40;269.00;9345.50;0.60;884.23;0;0.00;839.41;0;0;3.84;0;2075.46;23.07;84.38;0;0;307.00;7715.35;0.00;0;0;0.80;150.00;17.90;214.46;
19/07/2026;6;31542.89;-31282.26;2708.17;3759.30;4493.40;269.00;9037.50;0.60;887.94;0;0.00;845.40;0;0;3.74;0;1984.34;541.67;88.02;0;0;283.86;6468.05;0.00;0;0;0.80;150.00;21.10;1274.82;
19/07/2026;7;28662.44;-31842.06;1769.57;3828.73;4262.80;269.00;6554.50;0.60;884.21;0;0.00;861.76;0;0;4.14;0;1735.51;1694.30;88.94;0;0;209.94;6337.14;0.00;0;0;1.00;150.00;10.30;4213.62;
19/07/2026;8;26912.26;-34163.38;1714.40;3549.39;4140.59;269.00;5118.30;0.70;864.17;0;0.00;869.83;0;0;3.70;0;1589.87;2362.45;85.31;0;0;167.74;6019.31;0.00;0;0;0.10;144.00;13.40;8228.62;
19/07/2026;9;25313.21;-36550.39;1723.13;3537.14;4203.30;269.00;4085.50;1.50;840.86;0;0.00;885.04;0;0;4.24;0;1580.79;2589.87;87.44;0;0;155.95;5189.25;0.00;0;0;0.10;144.00;16.10;11929.57;
19/07/2026;10;24731.17;-38821.05;1731.65;3528.10;4121.50;248.00;3893.50;2.20;820.28;0;0.00;898.61;0;0;3.70;0;1481.47;2695.46;82.61;0;0;156.42;4907.47;0.00;0;0;0.10;144.00;16.10;14537.86;
19/07/2026;11;24692.16;-40485.90;1727.97;3629.69;3979.40;248.00;3896.50;2.30;799.21;0;0.00;909.85;0;0;3.95;0;1443.09;2734.44;83.04;0;0;139.46;4934.26;0.00;0;0;0.90;144.00;16.10;15842.21;
19/07/2026;12;25007.38;-41091.06;1729.09;3800.95;3969.80;199.30;4052.50;2.60;776.33;0;0.00;912.52;0;0;4.16;0;1426.62;2703.85;83.25;0;0;136.72;5042.29;0.00;0;0;0.80;144.00;22.60;16352.35;
19/07/2026;13;25688.05;-41966.92;1729.81;4089.20;4068.00;248.00;4192.50;2.20;751.81;0;0.00;929.18;0;0;4.24;0;1516.07;2700.32;85.72;0;0;173.80;5029.80;0.00;0;0;0.80;144.00;22.60;16192.14;
19/07/2026;14;26894.91;-42420.28;1727.16;4323.70;4054.60;202.20;4291.50;1.60;736.89;0;0.00;921.22;0;0;4.24;0;1519.94;2663.33;86.03;0;0;214.32;5980.48;0.00;0;0;1.10;144.00;22.60;15178.76;
19/07/2026;15;28454.67;-42325.20;1704.74;4525.96;4095.30;163.00;5146.70;0.60;723.21;0;0.00;910.59;0;0;4.24;0;1519.48;2570.28;90.55;0;0;152.55;6677.17;0.00;0;0;1.70;146.00;22.60;13279.41;
19/07/2026;16;30876.12;-41988.60;1787.11;4825.39;4239.50;229.00;5910.00;0.60;710.99;0;0.00;895.96;0;0;3.74;0;1665.96;2407.07;93.70;0;0;162.99;7780.41;0.00;0;0;1.60;146.00;16.10;10358.04;
19/07/2026;17;36198.07;-41983.96;2200.45;4891.02;4343.40;180.80;8067.00;0.60;702.14;0;0.00;883.13;0;0;3.84;0;1769.77;2009.28;94.84;0;0;263.23;10620.87;0.00;0;0;1.60;152.00;14.10;6625.34;
19/07/2026;18;40502.89;-42013.12;4124.13;4980.65;4351.50;269.00;9375.50;0.60;702.55;0;0.00;859.78;0;0;3.85;0;2077.57;1061.60;94.19;0;0;260.21;12145.66;0.00;0;0;1.70;152.00;42.40;2852.50;
19/07/2026;19;43458.03;-42302.62;6934.02;4785.45;4261.40;207.30;9372.50;0.60;713.22;0;0.00;831.83;0;0;3.64;0;2384.56;163.36;90.26;0;0;329.43;13166.66;0.00;0;0;1.70;152.00;60.10;644.81;
19/07/2026;20;45497.40;-43707.62;8048.55;4629.89;4403.00;269.00;9372.50;0.60;734.97;0;0.00;842.42;0;0;3.64;0;2902.35;116.18;89.77;0;0;359.58;13512.35;0.00;0;0;1.00;152.00;59.60;89.21;
19/07/2026;21;45177.75;-43806.28;8010.97;4510.53;4478.00;269.00;9382.50;0.60;761.39;0;0.00;858.27;0;0;3.88;0;2949.14;62.00;88.92;0;0;379.60;13210.35;0.00;0;0;1.00;152.00;59.60;77.17;
19/07/2026;22;43954.98;-42515.98;7744.22;4162.93;4453.30;269.00;9382.50;0.60;784.50;0;0.00;860.22;0;0;3.64;0;2546.02;0.00;87.30;0;0;339.90;13108.35;0.00;0;0;3.60;152.00;56.90;73.48;
19/07/2026;23;42771.63;-41071.10;7511.97;3915.33;4449.00;161.30;9382.50;0.60;810.25;0;0.00;843.14;0;0;3.64;0;2306.85;0.00;85.35;0;0;316.20;12772.85;0.00;0;0;3.75;152.00;56.90;67.39;
20/07/2026;0;40517.11;-39687.59;6441.81;3517.36;4501.00;269.00;9092.50;0.00;837.98;0;0.00;804.68;0;0;3.92;0;2314.18;0.00;87.62;0;0;206.50;12234.52;0.00;0;0;3.24;146.00;56.80;66.24;
20/07/2026;1;37739.15;-37357.80;5906.10;3222.87;4423.00;269.00;9092.50;0.00;852.00;0;0.00;806.74;0;0;3.64;0;2146.50;0.00;86.77;0;0;249.10;10472.88;0.00;0;0;5.25;146.00;56.80;64.39;
20/07/2026;2;35994.62;-35533.76;5704.81;2926.24;4434.90;269.00;9244.50;0.00;865.86;0;0.00;805.21;0;0;4.04;0;2073.52;0.00;87.31;0;0;250.40;9125.02;0.00;0;0;1.01;146.00;56.80;64.82;
20/07/2026;3;35268.61;-34374.65;5702.02;2773.56;4542.00;269.00;9227.50;0.00;878.27;0;0.00;794.50;0;0;3.64;0;2179.15;0.00;87.35;0;0;240.80;8394.92;0.00;0;0;3.40;146.00;26.50;68.21;
20/07/2026;4;34344.28;-33422.72;5397.81;2777.57;4658.00;269.00;9227.50;0.00;889.48;0;0.00;795.45;0;0;3.64;0;2086.84;0.00;87.85;0;0;218.80;7764.42;0.00;0;0;1.72;146.00;20.20;81.43;
20/07/2026;5;33409.45;-32557.46;4882.89;2716.09;4699.30;269.00;9227.50;0.00;898.03;0;0.00;793.09;0;0;3.64;0;1953.85;22.06;87.36;0;0;220.12;7471.32;0.00;0;0;1.40;146.00;17.80;203.06;
20/07/2026;6;32498.28;-32539.03;4020.19;2831.71;4720.60;269.00;9119.00;0.00;901.74;0;0.00;803.38;0;0;4.14;0;1797.54;529.66;83.12;0;0;215.48;7034.32;0.00;0;0;1.40;146.00;21.00;1220.70;
20/07/2026;7;32553.01;-35349.11;3604.14;2837.41;4603.60;269.00;8483.10;0.00;887.71;0;0.00;821.46;0;0;4.14;0;1681.52;1675.51;84.08;0;0;159.63;7284.01;0.00;0;0;1.50;146.00;10.20;4011.02;
20/07/2026;8;35401.57;-42365.73;3452.64;2667.22;4852.59;269.00;9103.50;0.10;862.37;0;0.00;851.97;0;0;4.14;0;1856.64;2368.65;92.44;0;0;265.87;8592.87;0.00;0;0;2.37;146.00;13.20;7723.30;
20/07/2026;9;35997.09;-46377.81;3634.74;2506.31;4860.30;269.00;9246.50;0.90;840.12;0;0.00;864.99;0;0;4.14;0;1914.48;2604.19;93.53;0;0;272.84;8722.12;0.00;0;0;0.93;146.00;16.00;11211.16;
20/07/2026;10;35789.81;-48451.98;3574.15;2689.77;4676.19;269.00;9134.50;1.60;820.24;0;0.00;874.56;0;0;4.53;0;1778.14;2714.62;86.11;0;0;273.31;8730.25;0.00;0;0;0.84;146.00;16.00;13742.84;
20/07/2026;11;35897.83;-50242.12;3568.80;2949.18;4615.30;248.00;9173.10;1.70;795.91;0;0.00;884.51;0;0;4.23;0;1756.16;2756.05;86.44;0;0;205.11;8689.94;0.00;0;0;1.40;146.00;16.00;15123.81;
20/07/2026;12;35227.13;-49756.50;3569.09;3236.57;4470.69;248.00;8649.50;2.00;773.05;0;0.00;879.15;0;0;4.34;0;1654.10;2732.28;86.58;0;0;194.01;8557.87;0.00;0;0;1.40;146.00;22.50;15651.63;
20/07/2026;13;36615.56;-50943.91;3717.08;3705.10;4460.00;248.00;9125.33;1.60;751.05;0;0.00;881.94;0;0;4.54;0;1701.65;2747.88;87.01;0;0;180.01;8834.47;0.00;0;0;1.40;146.00;22.50;15412.39;
20/07/2026;14;37997.29;-51976.22;4353.35;4097.31;4332.70;269.00;9174.50;1.00;733.49;0;0.00;870.91;0;0;4.19;0;1789.97;2712.70;92.10;0;0;191.02;9175.65;0.00;0;0;1.60;146.00;51.80;14462.13;
20/07/2026;15;40106.58;-51805.97;5437.85;4432.90;4400.60;269.00;9307.50;0.00;719.25;0;0.00;866.42;0;0;4.19;0;1809.61;2610.37;87.45;0;0;204.80;9748.44;0.00;0;0;2.10;146.00;60.10;12592.55;
20/07/2026;16;42614.26;-51217.00;6472.07;4757.00;4390.19;269.00;9366.50;0.00;707.13;0;0.00;850.63;0;0;3.69;0;1804.64;2460.80;90.82;0;0;212.21;11027.78;0.00;0;0;2.20;146.00;53.60;9711.81;
20/07/2026;17;45329.31;-50027.84;8705.54;4828.17;4314.40;269.00;9352.50;0.00;695.23;0;0.00;833.97;0;0;3.59;0;2041.39;2005.85;95.78;0;0;230.48;11752.81;0.00;0;0;2.30;146.00;52.30;6055.73;
20/07/2026;18;47218.77;-48515.71;10000.94;4827.01;4200.70;269.00;9436.50;0.00;700.05;0;0.00;825.19;0;0;3.69;0;2189.73;1007.13;95.08;0;0;307.67;13156.88;0.00;0;0;2.20;146.00;51.00;2562.45;
20/07/2026;19;48891.06;-48177.45;10677.20;4957.39;4316.59;269.00;9433.50;0.00;710.82;0;0.00;800.92;0;0;4.04;0;2694.06;158.79;92.98;0;0;328.54;14238.93;0.00;0;0;2.30;146.00;60.00;575.98;
20/07/2026;20;50028.87;-48854.36;10746.80;5232.56;4417.90;269.00;9433.50;0.00;731.07;0;0.00;803.92;0;0;4.04;0;2988.29;119.22;91.15;0;0;332.30;14652.02;0.00;0;0;1.60;146.00;59.50;69.51;
20/07/2026;21;49481.78;-48564.65;10730.35;5272.08;4488.70;269.00;9275.50;0.00;757.63;0;0.00;807.23;0;0;4.04;0;3105.02;65.00;90.31;0;0;287.70;14122.22;0.00;0;0;1.50;146.00;59.50;61.26;
20/07/2026;22;47999.39;-46834.66;10443.01;4981.58;4529.00;269.00;9125.50;0.00;784.28;0;0.00;805.25;0;0;3.69;0;2731.31;0.00;89.55;0;0;251.40;13782.42;0.00;0;0;0.60;146.00;56.80;63.04;
20/07/2026;23;45966.86;-44896.74;9768.55;4934.63;4424.90;269.00;9190.50;0.00;798.79;0;0.00;806.56;0;0;3.69;0;2449.37;0.00;88.25;0;0;249.80;12779.42;0.00;0;0;0.60;146.00;56.80;61.78;
21/07/2026;0;43522.71;-42761.91;8980.87;4609.05;4261.00;269.00;9210.50;0.60;828.98;0;0.00;795.60;0;0;3.59;0;2169.71;0.00;89.04;0;0;241.00;11967.32;0.00;0;0;3.85;0.00;92.60;59.32;
21/07/2026;1;41381.58;-40254.85;8351.47;4460.62;4341.50;269.00;9220.50;0.60;841.70;0;0.00;795.28;0;0;3.59;0;2196.30;0.00;89.45;0;0;229.70;10485.42;0.00;0;0;3.85;0.00;92.60;58.45;
21/07/2026;2;39236.19;-38302.83;7229.46;4363.78;4387.00;269.00;9220.50;0.60;853.46;0;0.00;796.70;0;0;3.59;0;2037.68;0.00;91.05;0;0;210.00;9676.92;0.00;0;0;3.85;0.00;92.60;61.11;
21/07/2026;3;38135.86;-37028.99;7034.95;4198.60;4369.00;269.00;9215.50;0.60;866.87;0;0.00;797.77;0;0;3.65;0;2030.35;0.00;89.20;0;0;204.50;8959.42;0.00;0;0;3.85;0.00;92.60;64.73;
21/07/2026;4;37013.10;-35934.24;6567.55;4320.67;4345.70;269.00;9215.50;0.60;877.58;0;0.00;797.17;0;0;3.94;0;2011.43;0.00;89.19;0;0;205.00;8243.62;0.00;0;0;3.85;0.00;62.30;76.27;
21/07/2026;5;35614.24;-35055.54;5586.25;4567.41;4323.00;269.00;9260.50;0.60;881.73;0;0.00;795.72;0;0;3.00;0;1990.56;21.27;89.20;0;0;212.23;7553.92;0.00;0;0;3.85;0.00;56.00;205.78;
21/07/2026;6;34274.04;-34795.25;4728.78;4729.43;4316.40;269.00;8931.50;0.60;890.34;0;0.00;806.87;0;0;4.14;0;1732.60;513.76;84.85;0;0;166.80;7038.32;0.00;0;0;3.85;0.00;56.80;1273.93;
21/07/2026;7;34368.74;-37187.48;4741.28;4367.39;4311.40;269.00;8287.50;0.60;885.71;0;0.00;822.71;0;0;4.14;0;1551.52;1643.75;86.21;0;0;139.87;7207.81;0.00;0;0;3.85;0.00;46.00;4196.72;
21/07/2026;8;36268.72;-43590.54;4624.89;3958.17;4280.70;269.00;8955.30;1.30;864.67;0;0.00;846.97;0;0;3.40;0;1684.29;2347.73;95.19;0;0;239.30;8044.96;0.00;0;0;3.85;0.00;49.00;8168.71;
21/07/2026;9;36297.72;-47090.09;4071.05;3647.73;4181.19;269.00;9213.50;2.00;836.62;0;0.00;871.43;0;0;4.17;0;1759.76;2592.68;95.35;0;0;275.82;8421.77;0.00;0;0;3.85;0.00;51.80;11884.50;
21/07/2026;10;35864.00;-48966.09;3957.81;3571.46;4092.25;248.00;9101.50;2.50;811.64;0;0.00;881.03;0;0;4.34;0;1722.24;2712.82;87.94;0;0;147.32;8467.50;0.00;0;0;3.85;0.00;51.80;14487.30;
21/07/2026;11;35763.65;-50521.77;3957.26;3798.13;4056.44;248.00;8762.10;2.90;787.01;0;0.00;889.42;0;0;4.34;0;1711.74;2749.73;88.28;0;0;191.21;8461.44;0.00;0;0;3.85;0.00;51.80;15897.49;
21/07/2026;12;35317.86;-50030.32;3954.24;3810.14;4076.44;248.00;8478.90;2.90;761.08;0;0.00;885.61;0;0;3.99;0;1543.29;2734.73;87.42;0;0;123.29;8545.68;0.00;0;0;3.85;0.00;58.30;16362.82;
21/07/2026;13;36381.25;-51250.72;4132.85;4182.04;4023.44;248.00;8940.90;3.00;738.75;0;0.00;888.81;0;0;4.34;0;1630.02;2750.22;87.87;0;0;133.04;8555.82;0.00;0;0;3.85;0.00;58.30;16184.63;
21/07/2026;14;39282.78;-52351.16;5489.34;4569.50;4128.19;269.00;9132.50;2.10;717.35;0;0.00;876.33;0;0;3.46;0;1700.55;2682.63;81.63;0;0;188.02;9350.73;0.00;0;0;3.85;0.00;87.60;15175.48;
21/07/2026;15;41104.62;-52224.18;5699.07;4896.20;4220.30;269.00;9255.50;1.20;704.17;0;0.00;875.37;0;0;4.64;0;1652.71;2612.56;81.27;0;0;192.19;10540.69;0.00;0;0;3.85;0.00;95.90;13170.17;
21/07/2026;16;43643.70;-51543.85;7226.05;5156.76;4225.20;269.00;9251.50;0.60;694.85;0;0.00;851.31;0;0;4.27;0;1805.32;2439.07;90.16;0;0;193.77;11341.59;0.00;0;0;3.85;0.00;90.40;10144.80;
21/07/2026;17;46282.98;-50528.36;8939.84;5393.27;4273.09;269.00;9237.50;0.60;686.80;0;0.00;828.58;0;0;4.16;0;2031.33;1954.79;95.43;0;0;204.22;12271.82;0.00;0;0;3.85;0.00;88.70;6340.98;
21/07/2026;18;48203.40;-48805.60;10371.64;5424.93;4356.70;269.00;9283.50;0.60;692.61;0;0.00;811.90;0;0;3.61;0;2250.43;986.24;95.81;0;0;297.02;13268.76;0.00;0;0;3.85;0.00;86.80;2636.21;
21/07/2026;19;49850.31;-48481.30;11483.64;5491.59;4463.40;269.00;9280.09;0.60;703.62;0;0.00;796.71;0;0;3.59;0;2626.49;152.05;95.51;0;0;334.63;14049.74;0.00;0;0;3.85;0.00;95.80;588.14;
21/07/2026;20;51098.16;-49309.90;11700.61;5690.40;4503.10;269.00;9280.50;0.60;725.57;0;0.00;795.95;0;0;3.68;0;2986.82;80.18;95.88;0;0;361.40;14505.32;0.00;0;0;3.85;0.00;95.30;75.22;
21/07/2026;21;50777.43;-49061.38;11570.40;5628.13;4532.00;269.00;9280.50;0.60;748.63;0;0.00;796.56;0;0;3.73;0;2978.07;26.00;94.15;0;0;297.69;14452.82;0.00;0;0;3.85;0.00;95.30;65.86;
21/07/2026;22;49179.35;-47445.21;11301.50;5312.59;4491.00;269.00;9279.14;0.60;773.44;0;0.00;791.77;0;0;3.59;0;2548.68;0.00;94.07;0;0;254.20;13963.32;0.00;0;0;3.85;0.00;92.60;63.22;
21/07/2026;23;47273.65;-45473.87;10288.67;5183.39;4480.10;269.00;9280.47;0.60;792.99;0;0.00;796.81;0;0;3.59;0;2388.51;0.00;92.85;0;0;227.90;13372.32;0.00;0;0;3.85;0.00;92.60;59.62;
22/07/2026;0;44807.12;-43687.74;9619.25;4998.47;4614.00;269.00;9281.50;2.20;808.58;0;0.00;798.10;0;0;3.93;0;2072.16;0.00;90.16;0;0;216.70;11826.52;0.00;0;0;3.85;146.00;56.70;65.84;
22/07/2026;1;42171.94;-41186.42;8806.64;4585.70;4617.00;269.00;9279.50;2.20;823.70;0;0.00;799.82;0;0;3.69;0;2026.65;0.00;87.14;0;0;204.20;10460.15;0.00;0;0;3.85;146.00;56.70;64.31;
22/07/2026;2;40154.38;-39371.84;8415.84;4310.92;4592.00;269.00;9281.50;2.20;837.96;0;0.00;800.00;0;0;4.04;0;1929.28;0.00;86.44;0;0;185.20;9233.45;0.00;0;0;3.85;146.00;56.70;64.46;
22/07/2026;3;39028.59;-37994.20;8380.14;4089.04;4546.00;269.00;9224.50;2.20;852.57;0;0.00;800.31;0;0;3.79;0;1780.35;0.00;88.79;0;0;260.90;8524.45;0.00;0;0;3.85;146.00;56.70;66.89;
22/07/2026;4;37910.70;-37008.54;8112.15;3870.00;4577.00;269.00;9224.50;2.20;868.42;0;0.00;800.36;0;0;3.79;0;1798.99;0.00;88.79;0;0;256.80;7862.45;0.00;0;0;3.85;146.00;26.40;78.97;
22/07/2026;5;36751.95;-36107.35;7315.74;3653.97;4580.00;269.00;9224.50;2.20;879.33;0;0.00;800.39;0;0;3.79;0;1823.20;19.71;85.31;0;0;254.91;7669.95;0.00;0;0;3.85;146.00;20.10;198.19;
22/07/2026;6;35221.09;-35709.50;5935.85;3396.64;4578.29;269.00;9225.50;2.20;884.89;0;0.00;808.57;0;0;3.99;0;1805.21;494.56;79.65;0;0;256.24;7309.75;0.00;0;0;3.85;146.00;20.90;1323.71;
22/07/2026;7;34796.42;-38017.57;5189.39;3107.18;4531.20;269.00;8983.50;2.20;880.51;0;0.00;826.49;0;0;4.24;0;1583.52;1616.10;81.10;0;0;192.50;7369.74;0.00;0;0;3.85;146.00;9.90;4376.15;
22/07/2026;8;37153.67;-44443.43;5473.04;2894.34;4592.90;269.00;9046.50;2.80;858.17;0;0.00;851.72;0;0;4.19;0;1712.53;2319.69;93.77;0;0;218.12;8654.15;0.00;0;0;3.85;146.00;12.90;8428.47;
22/07/2026;9;37443.03;-48095.39;5663.44;2800.50;4639.40;269.00;8852.50;3.60;834.02;0;0.00;869.42;0;0;4.09;0;1740.63;2594.52;92.73;0;0;228.56;8684.87;0.00;0;0;3.85;146.00;15.90;12280.69;
22/07/2026;10;37115.46;-50147.30;5382.42;2764.39;4680.00;269.00;8860.50;4.10;812.68;0;0.00;881.46;0;0;4.44;0;1701.00;2686.38;85.44;0;0;222.87;8595.03;0.00;0;0;3.85;146.00;15.90;14930.63;
22/07/2026;11;37242.86;-51836.38;5859.97;2770.98;4713.30;158.00;8881.50;4.70;781.61;0;0.00;882.99;0;0;4.09;0;1690.64;2714.23;85.78;0;0;223.05;8306.27;0.00;0;0;3.85;146.00;15.90;16347.88;
22/07/2026;12;36311.79;-51198.73;5202.05;2797.31;4749.59;140.00;8824.50;4.70;754.08;0;0.00;888.61;0;0;4.44;0;1557.47;2674.61;84.51;0;0;156.70;8300.97;0.00;0;0;3.85;146.00;22.40;16864.47;
22/07/2026;13;37749.18;-52551.99;5880.64;2883.51;4709.10;140.00;9096.50;4.20;730.15;0;0.00;879.59;0;0;4.09;0;1663.17;2684.54;85.38;0;0;215.37;8600.69;0.00;0;0;3.85;146.00;22.40;16557.93;
22/07/2026;14;39994.62;-53627.94;7381.00;3118.72;4724.50;140.00;9095.50;3.40;710.40;0;0.00;869.89;0;0;4.09;0;1715.49;2679.97;89.51;0;0;215.87;9074.03;0.00;0;0;3.85;146.00;22.40;15500.09;
22/07/2026;15;41494.66;-53596.18;7637.88;3399.98;4723.40;140.00;9189.50;2.70;695.47;0;0.00;875.92;0;0;4.44;0;1630.36;2557.53;89.15;0;0;194.33;10157.95;0.00;0;0;3.85;146.00;46.20;13536.67;
22/07/2026;16;44454.09;-53035.13;8918.52;3669.47;4747.90;140.00;9245.50;2.20;681.71;0;0.00;850.54;0;0;3.98;0;1704.61;2397.36;92.21;0;0;200.56;11594.78;0.00;0;0;3.85;146.00;54.90;10354.04;
22/07/2026;17;47067.33;-51922.15;10602.37;4027.39;4734.20;140.00;9231.50;2.20;678.80;0;0.00;827.17;0;0;3.98;0;1939.57;1960.65;93.13;0;0;209.26;12414.86;0.00;0;0;3.85;146.00;52.40;6358.33;
22/07/2026;18;49340.51;-50127.30;12179.02;4203.21;4794.70;140.00;9284.50;2.20;679.91;0;0.00;811.86;0;0;3.30;0;2090.59;964.12;93.51;0;0;224.21;13669.13;0.00;0;0;3.85;146.00;50.40;2670.71;
22/07/2026;19;50398.75;-49686.87;12537.20;4617.97;4850.60;140.00;9281.50;2.20;691.72;0;0.00;792.14;0;0;3.93;0;2554.10;144.49;93.28;0;0;239.23;14240.64;0.00;0;0;3.85;146.00;59.90;571.41;
22/07/2026;20;51498.29;-50413.25;12006.02;5115.46;4882.60;140.00;9281.50;2.20;711.77;0;0.00;792.16;0;0;3.99;0;2838.75;92.17;93.50;0;0;256.00;15072.92;0.00;0;0;3.85;146.00;59.40;91.34;
22/07/2026;21;50413.98;-50038.73;11112.56;5287.78;4910.20;140.00;9281.50;2.20;742.83;0;0.00;798.51;0;0;4.04;0;2737.91;44.00;92.05;0;0;259.70;14791.45;0.00;0;0;3.85;146.00;59.40;84.01;
22/07/2026;22;49412.83;-48311.34;11652.61;5145.63;4922.00;140.00;9281.50;2.20;770.98;0;0.00;800.26;0;0;3.75;0;2391.35;0.00;92.65;0;0;243.60;13759.75;0.00;0;0;3.85;146.00;56.70;80.63;
22/07/2026;23;47742.71;-46341.60;10574.36;5262.47;5072.00;140.00;9281.50;2.20;789.59;0;0.00;802.69;0;0;4.04;0;2228.01;0.00;91.35;0;0;223.20;13064.75;0.00;0;0;3.85;146.00;56.70;77.24;
23/07/2026;0;44500.29;-43433.91;8501.78;5358.44;4943.00;140.00;9230.50;5.80;811.08;0;0.00;799.57;0;0;3.84;0;2003.74;0.00;88.05;0;0;221.60;12186.29;0.00;0;0;4.00;146.00;56.60;79.76;
23/07/2026;1;41951.58;-41084.80;7430.07;5493.76;5045.00;140.00;9230.50;5.80;824.00;0;0.00;797.24;0;0;3.84;0;1894.83;0.00;88.55;0;0;216.10;10575.29;0.00;0;0;4.00;146.00;56.60;82.24;
23/07/2026;2;40403.67;-39227.07;6699.93;5815.45;5029.00;140.00;9232.50;5.80;840.96;0;0.00;804.20;0;0;3.84;0;1805.65;0.00;87.85;0;0;220.60;9511.29;0.00;0;0;4.00;146.00;56.60;82.61;
23/07/2026;3;39069.25;-37958.39;5858.04;6153.35;5042.00;140.00;9169.50;5.80;858.47;0;0.00;804.40;0;0;3.84;0;1784.87;0.00;86.69;0;0;261.40;8694.29;0.00;0;0;4.00;146.00;56.60;83.57;
23/07/2026;4;37949.67;-36936.38;5417.03;6371.39;5059.00;140.00;9169.50;5.80;874.12;0;0.00;795.08;0;0;3.83;0;1694.34;0.00;86.69;0;0;261.10;7895.49;0.00;0;0;4.00;146.00;26.30;99.36;
23/07/2026;5;37103.93;-36013.81;5236.73;6540.71;4856.00;140.00;9169.50;5.80;884.23;0;0.00;795.99;0;0;3.84;0;1628.90;19.41;86.71;0;0;264.92;7301.19;0.00;0;0;4.00;146.00;20.00;219.12;
23/07/2026;6;35543.07;-35583.32;3733.13;6549.72;4835.28;140.00;9170.50;5.80;896.08;0;0.00;805.37;0;0;4.14;0;1596.65;492.95;82.35;0;0;183.76;6876.54;0.00;0;0;4.00;146.00;20.80;1295.65;
23/07/2026;7;35157.09;-37873.10;3233.38;6313.56;4787.80;140.00;8811.56;5.80;887.35;0;0.00;827.12;0;0;4.14;0;1447.36;1618.02;83.76;0;0;243.60;6593.74;0.00;0;0;4.00;146.00;9.90;4186.93;
23/07/2026;8;37595.82;-44143.05;3479.23;6071.81;4902.19;140.00;9030.50;6.40;863.81;0;0.00;850.86;0;0;3.40;0;1578.89;2290.56;91.54;0;0;190.86;7932.87;0.00;0;0;4.00;146.00;12.90;8050.24;
23/07/2026;9;37474.46;-47647.91;3359.72;5748.42;4886.50;140.00;8835.50;7.10;838.76;0;0.00;867.44;0;0;3.40;0;1601.17;2538.60;90.55;0;0;195.66;8195.84;0.00;0;0;4.00;146.00;15.80;11752.75;
23/07/2026;10;37330.59;-49429.93;3223.69;5812.27;4878.10;140.00;8754.50;7.60;811.68;0;0.00;882.65;0;0;4.34;0;1529.98;2648.81;83.14;0;0;252.65;8135.53;0.00;0;0;3.85;146.00;15.80;14302.31;
23/07/2026;11;37361.02;-50656.47;3279.92;5709.17;4777.18;140.00;8800.50;8.00;784.55;0;0.00;886.49;0;0;4.34;0;1559.44;2690.44;83.48;0;0;135.58;8336.38;0.00;0;0;3.75;146.00;15.80;15714.88;
23/07/2026;12;36222.87;-49944.33;3145.56;5650.30;4621.68;140.00;8450.99;7.30;759.78;0;0.00;905.54;0;0;4.34;0;1483.24;2653.49;82.62;0;0;247.04;7909.19;0.00;0;0;0.00;146.00;15.80;16253.78;
23/07/2026;13;37607.96;-51023.07;3264.61;5742.11;4744.80;140.00;9002.30;5.80;737.35;0;0.00;906.83;0;0;4.34;0;1464.60;2632.73;81.11;0;0;249.73;8469.85;0.00;0;0;0.00;146.00;15.80;15950.76;
23/07/2026;14;39856.77;-52269.34;3500.22;6096.21;4988.68;140.00;9103.50;5.20;722.69;0;0.00;896.89;0;0;4.10;0;1616.08;2590.80;86.90;0;0;196.81;9736.39;0.00;0;0;4.00;146.00;22.30;14836.41;
23/07/2026;15;41050.03;-52058.67;3923.94;6304.97;5067.50;140.00;9109.50;4.60;713.07;0;0.00;871.29;0;0;4.34;0;1624.95;2519.82;87.43;0;0;198.29;10308.03;0.00;0;0;4.00;146.00;22.30;12856.69;
23/07/2026;16;44067.08;-51103.99;5671.31;6577.38;5083.58;140.00;9106.50;4.80;704.65;0;0.00;856.13;0;0;4.04;0;1683.85;2312.37;89.33;0;0;200.60;11429.94;0.00;0;0;4.00;146.00;52.60;9812.70;
23/07/2026;17;46756.73;-50317.70;7285.61;6778.79;5103.30;140.00;9092.50;4.80;702.10;0;0.00;835.03;0;0;4.04;0;1875.54;1841.44;90.13;0;0;184.54;12609.61;0.00;0;0;4.00;146.00;59.30;5987.39;
23/07/2026;18;48318.07;-48680.18;8175.38;6883.66;4997.90;140.00;9202.50;5.80;709.61;0;0.00;822.07;0;0;3.84;0;2134.19;880.19;90.80;0;0;272.07;13799.76;0.00;0;0;4.00;146.00;50.30;2494.75;
23/07/2026;19;49225.06;-48284.06;9408.55;7038.96;4908.30;140.00;9199.50;5.80;726.22;0;0.00;803.82;0;0;3.49;0;2444.98;133.94;90.53;0;0;337.22;13773.95;0.00;0;0;4.00;146.00;59.80;549.65;
23/07/2026;20;50535.01;-49099.56;9975.19;7118.52;4936.00;140.00;9199.50;5.80;746.37;0;0.00;801.01;0;0;3.58;0;2748.69;51.20;90.76;0;0;282.90;14226.19;0.00;0;0;4.00;146.00;59.30;91.23;
23/07/2026;21;49895.43;-48766.09;9382.04;7008.40;4980.20;140.00;9199.50;5.80;773.13;0;0.00;817.88;0;0;3.67;0;2725.17;6.00;90.05;0;0;291.70;14262.59;0.00;0;0;4.00;146.00;59.30;79.04;
23/07/2026;22;48286.79;-46913.96;9129.89;6620.94;5140.00;140.00;9199.50;5.80;796.68;0;0.00;791.20;0;0;3.63;0;2394.40;0.00;91.44;0;0;312.52;13454.19;0.00;0;0;4.00;146.00;56.60;78.86;
23/07/2026;23;46134.35;-44936.04;8180.34;6365.43;5185.00;140.00;9199.50;5.80;814.59;0;0.00;825.33;0;0;3.57;0;2256.35;0.00;90.15;0;0;304.10;12557.59;0.00;0;0;4.00;146.00;56.60;75.35;
24/07/2026;0;43748.75;-42476.65;7432.80;6282.09;5050.00;140.00;9081.50;4.00;857.48;0;0.00;833.33;0;0;3.94;0;2065.62;0.00;88.85;0;0;215.00;11489.09;0.00;0;0;3.85;146.00;55.20;106.13;
24/07/2026;1;41127.18;-40134.15;7162.85;5890.61;5078.00;140.00;9081.50;4.00;871.10;0;0.00;806.29;0;0;3.59;0;1966.36;0.00;89.24;0;0;214.50;9614.09;0.00;0;0;3.85;146.00;55.20;105.51;
24/07/2026;2;39255.66;-38230.03;6627.44;5543.88;5089.00;140.00;9081.50;4.00;887.96;0;0.00;807.95;0;0;3.59;0;1881.16;87.00;89.24;0;0;203.30;8604.59;0.00;0;0;3.85;146.00;55.20;103.87;
24/07/2026;3;37881.60;-37028.34;6186.04;5317.30;5290.00;140.00;9146.50;4.00;902.77;0;0.00;806.75;0;0;3.59;0;1880.81;0.00;87.50;0;0;184.10;7727.39;0.00;0;0;3.85;146.00;55.00;104.70;
24/07/2026;4;37043.22;-36176.84;6030.76;5042.36;5300.00;140.00;9146.50;4.00;912.62;0;0.00;808.00;0;0;3.59;0;1838.45;0.00;87.50;0;0;173.00;7351.59;0.00;0;0;3.85;146.00;55.00;116.90;
24/07/2026;5;36020.35;-35423.95;5962.96;4849.45;5272.00;140.00;9146.50;4.00;918.23;0;0.00;806.80;0;0;3.94;0;1791.27;15.26;87.51;0;0;182.09;6635.49;0.00;0;0;3.85;146.00;55.00;221.59;
24/07/2026;6;34395.30;-35249.15;4999.25;4644.98;5213.40;129.00;9147.50;4.00;921.64;0;0.00;793.58;0;0;3.93;0;1716.26;468.45;83.04;0;0;176.56;5885.66;0.00;0;0;3.85;146.00;58.20;1266.25;
24/07/2026;7;34005.49;-37696.79;4358.65;4493.09;5203.40;131.00;9015.50;4.00;918.40;0;0.00;820.06;0;0;4.24;0;1519.89;1573.68;83.10;0;0;236.32;5447.01;0.00;0;0;3.85;146.00;47.30;4159.73;
24/07/2026;8;36166.67;-43995.91;4579.65;4425.60;5223.70;140.00;9019.50;4.70;894.47;0;0.00;833.95;0;0;3.50;0;1842.30;2300.23;90.28;0;0;221.11;6387.53;0.00;0;0;3.85;146.00;50.30;8114.07;
24/07/2026;9;36219.09;-47277.89;4278.74;4356.85;5219.00;140.00;9037.50;5.40;871.06;0;0.00;873.05;0;0;4.21;0;1819.60;2524.85;90.35;0;0;194.40;6601.03;0.00;0;0;3.85;146.00;53.20;11909.30;
24/07/2026;10;35542.42;-48824.72;3836.45;4505.67;5227.40;140.00;9040.50;5.80;841.87;0;0.00;859.34;0;0;4.21;0;1733.74;2644.34;84.79;0;0;138.25;6277.01;0.00;0;0;3.85;146.00;53.20;14505.72;
24/07/2026;11;35698.03;-49999.72;3755.99;4572.10;5171.00;140.00;9045.50;6.30;818.44;0;0.00;897.24;0;0;4.60;0;1709.00;2665.49;85.06;0;0;217.80;6406.46;0.00;0;0;3.85;146.00;53.20;15836.13;
24/07/2026;12;34521.01;-49060.37;3635.81;4680.94;5006.30;140.00;8822.10;5.40;792.47;0;0.00;882.29;0;0;4.54;0;1423.32;2602.83;85.15;0;0;233.15;6003.66;0.00;0;0;3.85;146.00;53.20;16346.32;
24/07/2026;13;35107.35;-49169.84;3723.75;4858.24;5058.60;140.00;9046.50;4.10;774.48;0;0.00;882.04;0;0;4.54;0;1473.01;2648.46;84.27;0;0;235.75;5970.56;0.00;0;0;3.85;146.00;53.20;15972.33;
24/07/2026;14;38053.05;-51052.75;4279.55;5143.83;5214.30;140.00;9044.50;3.30;762.78;0;0.00;885.54;0;0;3.40;0;1794.87;2610.99;90.94;0;0;220.41;7649.09;0.00;0;0;3.85;146.00;59.70;14761.15;
24/07/2026;15;40335.34;-50979.28;4524.11;5491.82;5223.50;140.00;9113.35;2.60;744.65;0;0.00;860.32;0;0;3.40;0;1695.94;2549.87;89.60;0;0;192.52;9494.11;0.00;0;0;3.85;146.00;59.70;12622.04;
24/07/2026;16;42889.80;-50348.93;5409.98;5873.51;5066.40;140.00;9195.50;3.00;732.65;0;0.00;848.14;0;0;3.77;0;1824.77;2325.75;92.16;0;0;202.15;10962.47;0.00;0;0;3.85;146.00;59.70;9481.59;
24/07/2026;17;44892.33;-49545.63;6469.28;6032.32;5086.00;140.00;9095.50;3.00;731.56;0;0.00;822.57;0;0;3.79;0;2135.78;1800.51;92.96;0;0;204.33;12067.18;0.00;0;0;3.85;146.00;57.70;5733.11;
24/07/2026;18;46792.32;-47810.97;7338.53;6361.96;5139.00;140.00;9279.50;4.00;736.56;0;0.00;803.42;0;0;3.59;0;2275.80;804.10;93.52;0;0;296.82;13316.97;0.00;0;0;3.85;146.00;48.70;2341.87;
24/07/2026;19;47979.90;-47255.74;8397.28;6702.06;5071.20;140.00;9227.50;4.00;754.18;0;0.00;791.74;0;0;3.49;0;2516.30;103.26;93.58;0;0;327.73;13639.53;0.00;0;0;3.85;146.00;58.20;528.24;
24/07/2026;20;49361.30;-48141.66;8567.19;7099.46;5071.00;140.00;9277.50;4.00;788.33;0;0.00;790.67;0;0;3.52;0;2767.15;51.17;93.51;0;0;267.66;14232.59;0.00;0;0;3.85;146.00;57.70;124.27;
24/07/2026;21;48964.70;-47729.71;8378.08;7222.93;5183.00;140.00;9277.50;4.00;808.95;0;0.00;793.43;0;0;3.49;0;2767.55;6.00;91.73;0;0;328.00;13752.49;0.00;0;0;3.85;146.00;57.70;123.40;
24/07/2026;22;46814.99;-46021.09;6734.18;7395.83;5237.00;140.00;9277.50;4.00;840.56;0;0.00;784.17;0;0;3.59;0;2460.87;0.00;91.85;0;0;303.30;13337.29;0.00;0;0;3.85;146.00;55.00;123.85;
24/07/2026;23;45010.12;-44125.81;5148.75;7448.66;5261.00;140.00;9277.50;4.00;862.17;0;0.00;782.20;0;0;3.84;0;2307.51;0.00;90.55;0;0;290.30;13188.79;0.00;0;0;3.85;146.00;55.00;124.87;
25/07/2026;0;42298.12;-41541.97;3983.29;7519.63;5078.00;140.00;9175.50;2.50;890.15;0;0.00;799.51;0;0;3.69;0;2181.96;115.00;88.05;0;0;207.10;11882.59;0.00;0;0;3.85;146.00;81.30;118.00;
25/07/2026;1;39347.80;-39386.24;3115.17;7425.49;4895.00;140.00;9175.50;2.50;901.07;0;0.00;807.15;0;0;3.79;0;2175.44;0.00;88.55;0;0;209.20;10177.79;0.00;0;0;3.85;146.00;81.30;121.70;
25/07/2026;2;37650.58;-37629.71;2676.17;7438.94;4906.00;140.00;9180.50;2.50;912.79;0;0.00;787.90;0;0;3.69;0;2053.80;0.00;88.55;0;0;209.50;9048.09;0.00;0;0;3.85;146.00;52.30;119.71;
25/07/2026;3;36658.56;-36489.14;2334.14;7608.25;4898.00;140.00;9180.50;2.50;922.74;0;0.00;788.40;0;0;3.69;0;1939.70;0.00;86.60;0;0;268.40;8319.79;0.00;0;0;3.85;146.00;16.00;127.06;
25/07/2026;4;35727.77;-35581.64;2260.47;7873.24;4930.00;140.00;9180.50;2.50;933.11;0;0.00;787.87;0;0;3.75;0;1758.95;0.02;86.42;0;0;241.00;7363.79;0.00;0;0;3.85;146.00;16.30;138.11;
25/07/2026;5;35017.29;-34738.37;1997.87;8140.10;4929.30;140.00;9180.50;2.50;936.11;0;0.00;784.51;0;0;3.69;0;1710.83;14.80;83.13;0;0;248.31;6679.49;0.00;0;0;3.85;146.00;16.30;234.46;
25/07/2026;6;33646.35;-34175.39;1961.37;8304.05;4778.10;140.00;8346.50;2.50;936.78;0;0.00;778.65;0;0;4.14;0;1530.43;416.53;78.80;0;0;171.56;6030.79;0.00;0;0;3.85;146.00;16.30;1121.84;
25/07/2026;7;33132.29;-35531.25;1742.97;8423.36;4656.70;140.00;7039.50;2.50;937.36;0;0.00;801.76;0;0;4.13;0;1451.83;1422.02;71.67;0;0;124.62;6158.72;0.00;0;0;3.85;146.00;5.30;3384.17;
25/07/2026;8;34524.96;-39918.84;1671.40;8548.99;4656.58;140.00;7396.50;3.10;916.70;0;0.00;817.00;0;0;4.19;0;1599.45;2098.07;90.48;0;0;245.39;6178.96;0.00;0;0;3.85;146.00;8.30;6345.02;
25/07/2026;9;34369.44;-42756.79;1687.81;8801.05;4656.59;140.00;6651.50;3.80;890.42;0;0.00;836.93;0;0;4.34;0;1582.56;2340.23;90.18;0;0;250.76;6271.62;0.00;0;0;3.85;146.00;11.80;9073.34;
25/07/2026;10;34093.92;-44577.08;1688.01;9114.69;4657.70;200.00;6091.50;4.30;864.09;0;0.00;848.83;0;0;4.34;0;1523.90;2474.42;83.93;0;0;251.11;6125.45;0.00;0;0;3.85;146.00;11.80;10939.69;
25/07/2026;11;34382.40;-45703.91;1695.61;9376.68;4656.50;260.00;5762.50;4.70;850.24;0;0.00;863.04;0;0;4.34;0;1557.26;2465.50;83.39;0;0;244.38;6396.61;0.00;0;0;3.85;146.00;11.80;11996.56;
25/07/2026;12;33759.01;-45159.93;1690.14;9852.11;4617.09;179.70;4949.50;5.00;824.51;0;0.00;857.70;0;0;4.34;0;1490.56;2248.00;81.68;0;0;191.48;6605.55;0.00;0;0;3.85;146.00;11.80;12399.40;
25/07/2026;13;34080.06;-45865.61;1691.44;10161.86;4626.20;239.00;4900.50;4.50;813.83;0;0.00;874.21;0;0;4.34;0;1608.77;2102.84;83.50;0;0;237.27;6570.15;0.00;0;0;3.85;146.00;11.80;12170.30;
25/07/2026;14;35649.39;-46023.03;1686.84;9998.20;4627.30;239.00;4848.50;3.90;802.99;0;0.00;841.52;0;0;4.34;0;1505.81;1912.09;83.89;0;0;194.77;8732.09;0.00;0;0;3.85;146.00;18.30;11367.11;
25/07/2026;15;36627.17;-45189.83;1697.36;9963.93;4781.70;239.00;4856.50;3.30;793.41;0;0.00;836.56;0;0;3.40;0;1454.66;1815.62;81.42;0;0;200.30;9731.86;0.00;0;0;3.85;146.00;18.30;9741.49;
25/07/2026;16;37752.34;-44458.83;1697.44;10233.78;4774.79;186.70;5002.50;2.50;783.71;0;0.00;828.99;0;0;4.14;0;1577.58;1751.16;83.20;0;0;246.19;10412.51;0.00;0;0;3.85;146.00;17.30;7339.96;
25/07/2026;17;40214.69;-44089.47;2119.33;9673.79;4782.70;239.00;6804.50;2.50;783.86;0;0.00;809.46;0;0;3.34;0;1736.06;1306.91;92.13;0;0;217.64;11450.82;0.00;0;0;3.85;146.00;42.80;4555.39;
25/07/2026;18;42700.36;-43720.38;2906.92;8892.93;5003.90;233.20;8699.50;2.50;789.45;0;0.00;798.12;0;0;3.24;0;1973.33;594.21;92.86;0;0;172.05;12345.30;0.00;0;0;3.85;146.00;43.00;1967.67;
25/07/2026;19;43818.68;-43739.85;4013.36;7954.08;5031.30;258.00;9127.50;2.50;806.27;0;0.00;785.87;0;0;3.61;0;2228.95;71.06;91.63;0;0;198.63;13042.07;0.00;0;0;3.85;146.00;54.00;466.39;
25/07/2026;20;45140.60;-44776.22;4314.45;7236.88;5185.00;244.30;9236.50;2.50;828.76;0;0.00;789.30;0;0;3.81;0;2689.81;55.15;92.96;0;0;244.40;14012.93;0.00;0;0;3.85;146.00;54.00;99.71;
25/07/2026;21;44540.79;-44440.87;4302.24;6749.31;5132.00;171.90;9301.50;2.50;855.93;0;0.00;795.62;0;0;3.83;0;2786.09;0.00;91.13;0;0;277.34;13867.55;0.00;0;0;3.85;146.00;54.00;81.07;
25/07/2026;22;42756.69;-42434.23;3972.13;6293.60;5135.00;211.40;9301.50;2.50;884.59;0;0.00;796.48;0;0;3.83;0;2502.24;0.00;91.14;0;0;231.70;13126.73;0.00;0;0;3.85;146.00;54.00;75.32;
25/07/2026;23;40726.84;-40806.39;3561.55;5647.85;5121.00;188.10;9301.50;2.50;900.88;0;0.00;794.60;0;0;3.87;0;2197.96;0.00;89.84;0;0;199.20;12514.14;0.00;0;0;3.85;146.00;54.00;73.80;
26/07/2026;0;38563.38;-37888.05;3374.70;5435.94;5159.00;258.00;9189.50;0.50;924.49;0;0.00;786.36;0;0;4.04;0;1925.60;9.00;91.10;0;0;200.20;11000.70;0.00;0;0;3.85;146.00;54.40;73.08;
26/07/2026;1;37060.29;-35816.53;3713.90;4952.84;5144.00;256.00;9221.50;0.50;931.61;0;0.00;786.41;0;0;4.04;0;1998.44;0.00;88.80;0;0;186.10;9571.90;0.00;0;0;3.85;146.00;54.40;71.02;
26/07/2026;2;35374.92;-34338.92;3669.59;4614.51;5144.00;256.00;9228.50;0.50;945.43;0;0.00;790.31;0;0;4.04;0;1940.29;0.00;88.10;0;0;188.20;8330.20;0.00;0;0;3.85;146.00;25.40;67.70;
26/07/2026;3;34029.78;-33175.70;3038.30;4378.30;5154.00;250.00;9084.50;0.50;954.48;0;0.00;800.67;0;0;4.04;0;1886.52;58.57;84.85;0;0;257.90;7908.20;0.00;0;0;3.85;146.00;19.10;69.18;
26/07/2026;4;32897.48;-32222.79;2865.70;4086.59;5153.00;250.00;9084.50;0.50;962.45;0;0.00;811.60;0;0;4.04;0;1815.47;0.03;83.46;0;0;256.30;7354.59;0.00;0;0;3.85;146.00;19.40;78.18;
26/07/2026;5;31644.40;-31132.19;2505.20;3926.00;5139.00;250.00;9084.50;0.50;966.75;0;0.00;812.64;0;0;4.04;0;1730.70;15.04;83.47;0;0;250.71;6706.60;0.00;0;0;3.85;146.00;19.40;192.50;
26/07/2026;6;29687.94;-30279.18;1956.10;3802.99;5128.40;276.00;8932.40;0.50;969.08;0;0.00;822.98;0;0;4.14;0;1811.62;382.71;88.06;0;0;258.76;5084.95;0.00;0;0;3.85;146.00;19.40;1217.16;
26/07/2026;7;27554.38;-30996.19;1619.65;3712.04;5019.20;276.00;7051.80;0.50;966.36;0;0.00;838.62;0;0;4.14;0;1496.72;1290.08;88.30;0;0;181.51;4850.71;0.00;0;0;3.85;146.00;8.90;3885.38;
26/07/2026;8;25871.53;-33500.90;1660.12;3447.43;4856.90;239.00;5474.20;1.10;942.30;0;0.00;849.61;0;0;4.34;0;1430.51;1929.91;91.61;0;0;137.76;4645.49;0.00;0;0;3.85;146.00;11.40;7663.62;
26/07/2026;9;24306.49;-35676.47;1722.79;3203.56;4851.30;239.00;4206.50;1.80;918.77;0;0.00;833.30;0;0;3.40;0;1158.40;2154.09;85.78;0;0;107.75;4658.00;0.00;0;0;3.85;146.00;12.20;11206.69;
26/07/2026;10;24060.27;-37692.37;1723.39;3305.96;4772.69;239.00;4115.50;2.30;896.99;0;0.00;837.95;0;0;3.40;0;1157.46;2164.56;85.63;0;0;173.03;4421.16;0.00;0;0;3.85;146.00;11.40;13758.41;
26/07/2026;11;24069.93;-39001.34;1729.71;3321.33;4738.30;239.00;4093.50;2.70;873.38;0;0.00;848.87;0;0;3.40;0;1089.96;2341.64;85.74;0;0;167.80;4370.85;0.00;0;0;3.85;146.00;13.90;15201.05;
26/07/2026;12;24198.92;-39422.19;1726.35;3421.46;4843.60;239.00;4094.50;3.00;852.65;0;0.00;831.58;0;0;3.40;0;1030.52;2358.01;84.14;0;0;166.80;4380.16;0.00;0;0;3.85;146.00;13.90;15802.25;
26/07/2026;13;24778.14;-40272.07;1737.22;3724.14;4867.30;239.00;4093.50;2.50;834.57;0;0.00;845.38;0;0;3.40;0;1065.26;2578.11;84.63;0;0;198.46;4340.72;0.00;0;0;4.05;146.00;13.90;15706.80;
26/07/2026;14;25614.24;-40546.39;1735.77;3958.26;4863.30;239.00;4183.50;1.90;818.93;0;0.00;861.12;0;0;4.34;0;1245.46;2559.95;85.03;0;0;203.42;4682.31;0.00;0;0;5.55;146.00;20.40;14960.80;
26/07/2026;15;26739.46;-40412.55;1687.14;4234.00;4938.20;239.00;4389.50;1.30;808.30;0;0.00;854.03;0;0;4.34;0;1362.05;2492.74;84.86;0;0;134.04;5337.81;0.00;0;0;5.75;146.00;20.40;13166.02;
26/07/2026;16;29372.05;-40077.79;1728.61;4312.34;4898.50;239.00;4556.50;0.50;793.46;0;0.00;856.11;0;0;3.20;0;1348.94;2301.48;84.81;0;0;201.52;7875.93;0.00;0;0;5.75;146.00;19.40;10315.14;
26/07/2026;17;33135.45;-40258.71;2089.28;4294.47;5238.00;263.00;6969.50;0.50;792.74;0;0.00;841.32;0;0;3.84;0;1627.63;1889.44;93.63;0;0;202.42;8661.03;0.00;0;0;5.75;146.00;16.90;6447.95;
26/07/2026;18;37757.91;-40290.67;3548.06;4107.53;5276.09;276.00;9216.50;0.50;797.94;0;0.00;826.22;0;0;3.74;0;2082.48;925.04;94.14;0;0;235.55;10178.97;0.00;0;0;5.75;146.00;37.40;2721.72;
26/07/2026;19;41016.98;-40820.82;5588.45;3993.93;5264.30;266.00;9211.50;0.50;815.26;0;0.00;813.77;0;0;3.74;0;2353.35;127.49;94.02;0;0;263.09;12012.73;0.00;0;0;5.75;146.00;57.10;586.43;
26/07/2026;20;42658.39;-42257.58;5939.99;3851.38;5285.00;276.00;9211.50;0.50;840.93;0;0.00;815.17;0;0;3.75;0;2619.73;123.20;95.14;0;0;284.84;13102.41;0.00;0;0;5.75;146.00;57.10;71.54;
26/07/2026;21;42485.12;-42164.13;6140.44;3671.12;5269.50;276.00;9195.50;0.50;858.74;0;0.00;818.18;0;0;3.78;0;2706.70;60.00;93.31;0;0;267.80;12914.70;0.00;0;0;5.75;146.00;57.10;64.43;
26/07/2026;22;41185.92;-40670.09;5413.34;3436.58;5338.00;276.00;9195.50;0.50;880.77;0;0.00;817.30;0;0;3.74;0;2515.28;0.00;93.31;0;0;256.80;12754.05;0.00;0;0;4.85;146.00;53.90;61.15;
26/07/2026;23;39269.32;-39083.54;4397.86;3188.10;5354.00;276.00;9195.50;0.50;894.96;0;0.00;800.98;0;0;3.85;0;2163.73;0.00;92.01;0;0;228.30;12468.78;0.00;0;0;4.85;146.00;53.90;60.15;
27/07/2026;0;37358.75;-37052.27;2966.56;3052.13;5353.00;276.00;9287.50;0.00;918.56;0;0.00;822.83;0;0;3.94;0;2269.30;0.00;89.80;0;0;248.00;11864.58;0.00;0;0;6.15;146.00;54.40;54.57;
27/07/2026;1;35085.47;-35134.89;2446.03;2840.55;5336.00;276.00;9287.50;0.00;927.71;0;0.00;822.98;0;0;3.94;0;2163.33;0.00;90.20;0;0;200.80;10483.78;0.00;0;0;6.25;146.00;54.40;53.64;
27/07/2026;2;34035.82;-33796.53;2503.63;2734.01;5367.00;276.00;9292.50;0.00;937.23;0;0.00;825.57;0;0;3.94;0;2018.51;0.00;90.20;0;0;197.40;9562.18;0.00;0;0;6.25;146.00;75.40;53.44;
27/07/2026;3;33137.70;-32945.22;2685.66;2701.51;5333.00;276.00;9306.50;0.00;948.08;0;0.00;764.42;0;0;3.94;0;1930.21;0.00;87.15;0;0;191.30;8707.28;0.00;0;0;6.25;146.00;50.40;59.00;
27/07/2026;4;32567.90;-32464.35;2616.66;2640.73;5373.00;276.00;9306.50;0.00;955.75;0;0.00;764.16;0;0;3.94;0;1935.98;0.01;87.04;0;0;199.30;8209.78;0.00;0;0;6.25;146.00;46.80;72.80;
27/07/2026;5;31720.57;-31763.11;2557.72;2645.88;5368.00;276.00;9306.50;0.00;963.35;0;0.00;761.78;0;0;3.59;0;1892.82;16.00;87.05;0;0;197.95;7473.08;0.00;0;0;5.45;146.00;19.40;173.23;
27/07/2026;6;30721.44;-31636.37;2503.08;2692.25;5189.10;246.00;9308.50;0.00;966.18;0;0.00;770.05;0;0;4.14;0;1842.04;475.21;82.68;0;0;160.44;6310.42;0.00;0;0;5.45;146.00;19.90;1280.49;
27/07/2026;7;30627.87;-34540.59;2623.44;2751.26;5020.49;256.00;8645.10;0.00;960.46;0;0.00;790.85;0;0;4.14;0;1733.06;1648.99;84.13;0;0;127.89;5821.51;0.00;0;0;5.65;146.00;8.90;4359.56;
27/07/2026;8;33282.69;-41327.84;2532.98;2746.07;4998.70;276.00;9247.50;0.80;936.80;0;0.00;807.95;0;0;4.11;0;1870.28;2374.03;93.04;0;0;197.92;7033.06;0.00;0;0;5.55;146.00;11.90;8574.18;
27/07/2026;9;33552.48;-44991.13;2722.20;2734.09;4939.50;266.00;9178.50;1.30;907.27;0;0.00;818.41;0;0;4.34;0;1827.84;2609.68;93.21;0;0;188.42;7095.27;0.00;0;0;5.55;146.00;14.90;12479.89;
27/07/2026;10;32754.33;-46716.38;2729.95;2708.86;4922.19;239.00;8197.50;2.10;879.94;0;0.00;827.85;0;0;4.33;0;1784.96;2715.05;86.35;0;0;190.61;7299.09;0.00;0;0;5.65;146.00;14.90;15161.65;
27/07/2026;11;32111.41;-47931.77;2767.11;2764.42;4891.68;239.00;7541.80;2.50;858.93;0;0.00;838.34;0;0;4.13;0;1657.86;2764.53;86.77;0;0;291.76;7236.23;0.00;0;0;5.45;146.00;14.90;16639.91;
27/07/2026;12;31237.65;-47128.84;2745.53;2770.75;4918.00;239.00;6205.50;2.70;838.14;0;0.00;837.92;0;0;4.34;0;1533.91;2718.87;85.67;0;0;198.71;7972.26;0.00;0;0;5.45;146.00;14.90;17237.64;
27/07/2026;13;32059.03;-48394.49;2741.06;2945.67;4978.69;239.00;6591.50;2.10;794.02;0;0.00;841.13;0;0;4.64;0;1724.04;2772.92;87.39;0;0;257.52;7912.30;0.00;0;0;6.15;146.00;14.90;17043.67;
27/07/2026;14;33907.08;-49435.58;2763.00;3091.53;5156.19;276.00;7140.00;1.60;770.48;0;0.00;833.09;0;0;4.25;0;1760.38;2746.40;92.63;0;0;289.85;8807.83;0.00;0;0;6.45;146.00;21.40;16000.39;
27/07/2026;15;36134.40;-49138.57;2985.34;3305.27;5186.59;276.00;8099.50;0.70;755.15;0;0.00;799.81;0;0;4.34;0;1803.42;2648.53;91.69;0;0;173.43;9830.98;0.00;0;0;6.25;146.00;21.40;13975.90;
27/07/2026;16;38773.25;-48828.59;3820.40;3422.35;5228.20;276.00;9296.50;0.00;742.91;0;0.00;784.96;0;0;3.99;0;2035.95;2471.30;92.87;0;0;235.11;10160.16;0.00;0;0;6.15;146.00;50.40;10695.43;
27/07/2026;17;42429.59;-48086.85;5758.97;3414.81;5376.20;276.00;9322.50;0.00;741.04;0;0.00;761.09;0;0;3.69;0;2099.57;2027.70;93.36;0;0;222.25;12123.36;0.00;0;0;6.25;146.00;56.80;6545.15;
27/07/2026;18;44912.31;-46660.87;8657.14;3377.73;5158.20;276.00;9432.50;0.00;742.84;0;0.00;764.99;0;0;4.14;0;2230.63;954.74;95.76;0;0;311.14;12706.95;0.00;0;0;5.45;146.00;48.10;2626.86;
27/07/2026;19;46815.30;-46516.50;10362.24;3322.56;5094.30;272.00;9428.50;0.00;759.26;0;0.00;737.01;0;0;3.94;0;2550.22;114.65;95.53;0;0;327.97;13538.07;0.00;0;0;5.45;146.00;57.60;513.85;
27/07/2026;20;47974.04;-47339.72;10494.75;3258.05;5100.60;272.00;9428.50;0.00;770.13;0;0.00;747.81;0;0;3.94;0;2892.72;117.18;94.45;0;0;347.18;14238.08;0.00;0;0;5.55;146.00;57.10;72.32;
27/07/2026;21;47879.13;-46960.96;10386.24;3164.98;5117.00;272.00;9432.50;0.00;804.54;0;0.00;740.09;0;0;3.94;0;2966.98;64.30;93.59;0;0;357.04;14267.18;0.00;0;0;5.65;146.00;57.10;61.91;
27/07/2026;22;46159.52;-45074.18;10288.92;3081.96;5137.00;272.00;9432.50;0.00;825.47;0;0.00;740.70;0;0;3.94;0;2585.30;0.00;93.40;0;0;311.00;13178.68;0.00;0;0;5.55;146.00;57.10;55.00;
27/07/2026;23;44065.75;-43173.29;8818.36;3009.51;5150.00;272.00;9432.50;0.00;840.76;0;0.00;741.07;0;0;3.94;0;2329.16;0.00;92.30;0;0;300.92;12866.68;0.00;0;0;5.45;146.00;57.10;52.22;
28/07/2026;0;41606.66;-41032.89;6586.78;3005.30;5145.00;272.00;9372.50;2.70;868.01;0;0.00;742.19;0;0;4.07;0;2235.45;0.00;84.73;0;0;198.60;12881.98;0.00;0;0;6.35;146.00;55.00;45.10;
28/07/2026;1;39368.43;-38828.08;5405.58;3092.26;5146.00;272.00;9372.50;2.70;876.69;0;0.00;739.48;0;0;3.79;0;2211.48;0.00;84.84;0;0;193.48;11760.18;0.00;0;0;6.45;146.00;55.00;44.77;
28/07/2026;2;37605.82;-37216.43;4965.67;3134.57;5120.00;272.00;9377.50;2.70;911.97;0;0.00;744.40;0;0;4.14;0;2136.39;0.00;84.95;0;0;193.10;10450.98;0.00;0;0;6.45;146.00;55.00;45.42;
28/07/2026;3;36175.66;-36093.26;4498.98;3139.90;5111.00;272.00;9343.50;2.70;921.56;0;0.00;743.88;0;0;3.79;0;2038.62;0.00;83.00;0;0;194.20;9615.18;0.00;0;0;6.35;146.00;55.00;52.41;
28/07/2026;4;35340.95;-35231.62;3998.68;3318.76;5107.00;259.00;9343.50;2.70;936.79;0;0.00;746.17;0;0;3.79;0;2027.62;0.01;83.00;0;0;188.00;9146.48;0.00;0;0;6.45;146.00;27.00;65.51;
28/07/2026;5;34485.99;-34415.29;3861.68;3471.65;5117.00;272.00;9343.50;2.70;942.68;0;0.00;744.92;0;0;3.79;0;2036.70;15.12;83.01;0;0;174.51;8242.88;0.00;0;0;6.45;146.00;21.40;171.14;
28/07/2026;6;33496.82;-34323.58;2850.18;3754.62;5068.29;263.00;9292.50;2.70;946.22;0;0.00;752.94;0;0;3.99;0;1906.37;470.85;83.03;0;0;174.16;7756.82;0.00;0;0;5.65;146.00;19.50;1244.53;
28/07/2026;7;32701.83;-36670.81;2277.12;3855.61;4771.40;260.00;9094.50;2.70;931.66;0;0.00;768.84;0;0;4.34;0;1589.31;1629.41;87.98;0;0;186.11;7082.50;0.00;0;0;5.85;146.00;8.50;4341.59;
28/07/2026;8;35238.51;-43190.81;2245.70;3970.59;4833.80;262.00;9229.50;3.50;896.80;0;0.00;790.41;0;0;4.29;0;1753.37;2368.01;91.39;0;0;256.15;8363.25;0.00;0;0;5.75;146.00;18.00;8603.87;
28/07/2026;9;34653.47;-46575.79;2251.09;4162.21;4822.50;265.00;8126.50;4.00;863.27;0;0.00;823.96;0;0;4.29;0;1738.19;2625.78;90.34;0;0;255.63;8433.56;0.00;0;0;5.65;146.00;35.50;12481.48;
28/07/2026;10;33488.86;-48112.06;2257.02;4516.30;4728.60;239.00;6896.70;4.80;842.09;0;0.00;832.30;0;0;4.64;0;1649.62;2693.09;84.91;0;0;196.34;8356.20;0.00;0;0;5.75;146.00;35.50;15272.91;
28/07/2026;11;33182.29;-49529.94;2253.58;5003.33;4741.30;239.00;5885.00;5.20;820.88;0;0.00;838.58;0;0;4.49;0;1659.16;2738.83;85.25;0;0;280.11;8440.43;0.00;0;0;5.65;146.00;35.50;16794.92;
28/07/2026;12;32228.60;-48850.00;2254.47;5544.87;4730.80;239.00;5138.50;5.40;797.44;0;0.00;837.81;0;0;3.90;0;1444.44;2688.61;82.04;0;0;175.23;8099.29;0.00;0;0;5.30;146.00;35.50;17330.00;
28/07/2026;13;33560.35;-50143.20;2254.59;6370.97;4739.30;239.00;5243.50;4.80;771.07;0;0.00;837.43;0;0;4.34;0;1592.33;2708.82;84.49;0;0;237.65;8284.21;0.00;0;0;6.35;146.00;35.50;17094.56;
28/07/2026;14;35935.04;-51315.55;2251.15;7239.29;4731.30;239.00;5815.50;4.30;747.56;0;0.00;830.24;0;0;4.29;0;1567.60;2694.82;84.82;0;0;230.48;9306.54;0.00;0;0;6.65;146.00;35.50;15919.26;
28/07/2026;15;38199.95;-51130.49;2220.65;7683.36;4671.00;239.00;6672.60;3.40;736.10;0;0.00;825.55;0;0;4.64;0;1571.63;2644.00;84.81;0;0;153.43;10501.83;0.00;0;0;6.45;146.00;35.50;13751.87;
28/07/2026;16;40912.74;-50584.97;2317.17;8074.91;4595.20;239.00;8243.15;2.70;726.10;0;0.00;809.37;0;0;4.15;0;1628.22;2450.71;92.63;0;0;162.37;11351.21;0.00;0;0;6.35;146.00;63.50;10502.93;
28/07/2026;17;44356.04;-49737.89;3123.08;8774.86;4816.50;259.00;9257.10;2.70;723.97;0;0.00;782.43;0;0;4.09;0;1911.26;2023.57;93.31;0;0;249.78;12112.84;0.00;0;0;6.35;146.00;69.20;6466.80;
28/07/2026;18;46383.96;-47999.67;4335.18;9366.50;4923.40;259.00;9384.50;2.70;731.29;0;0.00;762.65;0;0;3.99;0;2187.55;932.78;94.91;0;0;281.52;12898.54;0.00;0;0;6.45;146.00;67.00;2666.56;
28/07/2026;19;48155.18;-47890.76;5413.20;9614.18;4869.40;271.40;9382.50;2.70;752.20;0;0.00;749.71;0;0;3.99;0;2539.90;104.05;94.69;0;0;291.73;13837.38;0.00;0;0;5.65;146.00;76.50;561.63;
28/07/2026;20;49440.66;-48734.42;5775.55;9785.26;4875.00;276.00;9382.50;2.70;782.75;0;0.00;753.75;0;0;3.99;0;2844.73;120.95;93.95;0;0;302.80;14212.98;0.00;0;0;5.75;146.00;76.00;110.12;
28/07/2026;21;49171.33;-48270.60;5866.58;9910.35;4720.00;272.00;9289.50;2.70;796.48;0;0.00;754.23;0;0;3.79;0;2833.44;62.80;92.83;0;0;311.60;14041.78;0.00;0;0;5.75;146.00;61.50;97.89;
28/07/2026;22;47146.05;-46316.22;4754.38;10002.55;4772.00;276.00;9289.50;2.70;819.61;0;0.00;750.20;0;0;3.79;0;2522.54;0.00;92.85;0;0;259.00;13388.58;0.00;0;0;4.85;146.00;61.50;101.72;
28/07/2026;23;45518.71;-44370.38;3442.51;10120.37;4837.00;276.00;9289.50;2.70;841.20;0;0.00;758.84;0;0;3.84;0;2295.07;0.00;91.65;0;0;264.90;13082.78;0.00;0;0;4.85;146.00;61.50;100.27;
29/07/2026;0;42645.33;-41856.22;2523.63;9928.84;4613.50;276.00;8805.50;8.70;865.39;0;0.00;743.81;0;0;4.09;0;2096.20;0.00;88.00;0;0;236.00;12217.62;0.00;0;0;5.35;146.00;86.70;100.80;
29/07/2026;1;39901.90;-39571.35;2177.70;9768.10;4506.10;239.00;8120.80;8.70;870.41;0;0.00;753.16;0;0;4.24;0;1971.12;0.00;88.00;0;0;114.90;11040.62;0.00;0;0;6.35;146.00;86.70;98.56;
29/07/2026;2;37926.76;-37894.73;2178.42;9597.57;4420.00;239.00;8007.50;8.70;883.90;0;0.00;754.05;0;0;4.24;0;1924.43;0.00;87.98;0;0;111.70;9471.12;0.00;0;0;5.45;146.00;86.70;97.39;
29/07/2026;3;36807.95;-36796.42;2179.93;9575.12;4412.00;239.00;7522.50;8.70;895.15;0;0.00;757.96;0;0;4.24;0;1834.98;0.00;87.30;0;0;253.40;8799.52;0.00;0;0;5.45;146.00;86.70;104.82;
29/07/2026;4;35917.76;-35868.87;2178.44;9514.32;4413.00;239.00;7360.40;8.70;904.45;0;0.00;757.06;0;0;4.24;0;1800.53;0.00;85.25;0;0;268.60;8172.62;0.00;0;0;5.45;146.00;59.70;124.31;
29/07/2026;5;35167.27;-35194.06;2179.43;9677.74;4404.00;239.00;6922.50;8.70;911.55;0;0.00;754.98;0;0;4.24;0;1776.42;14.54;83.26;0;0;268.44;7716.72;0.00;0;0;5.45;146.00;54.30;218.83;
29/07/2026;6;33851.88;-34882.54;2179.82;9966.13;4222.49;239.00;5971.10;8.70;921.38;0;0.00;763.66;0;0;4.44;0;1767.29;475.30;86.58;0;0;235.48;6806.36;0.00;0;0;5.55;146.00;52.60;1251.78;
29/07/2026;7;33359.68;-37140.48;2005.17;9935.97;4315.40;239.00;5009.50;8.70;913.56;0;0.00;772.92;0;0;3.50;0;1422.72;1701.78;80.44;0;0;176.44;6574.83;0.00;0;0;5.65;146.00;48.10;4279.86;
29/07/2026;8;35349.43;-43309.46;1982.62;10425.92;4325.10;239.00;5243.60;9.60;894.90;0;0.00;796.33;0;0;4.64;0;1604.03;2420.20;89.54;0;0;239.51;6871.79;0.00;0;0;5.55;146.00;51.10;8585.13;
29/07/2026;9;34985.23;-46806.54;1985.02;10725.47;4242.40;239.00;5164.40;10.30;872.53;0;0.00;804.26;0;0;4.64;0;1613.31;2598.81;87.80;0;0;246.94;6170.20;0.00;0;0;5.55;146.00;68.60;12479.92;
29/07/2026;10;33684.58;-48284.77;2052.61;10910.53;4200.09;239.00;4390.50;10.90;844.39;0;0.00;790.50;0;0;4.19;0;1489.00;2693.96;83.85;0;0;244.68;5510.13;0.00;0;0;5.65;146.00;68.60;15277.73;
29/07/2026;11;33704.99;-49646.42;2251.35;10960.73;4200.10;239.00;4278.73;11.20;820.58;0;0.00;808.34;0;0;3.70;0;1490.46;2717.40;83.16;0;0;177.93;5442.16;0.00;0;0;5.55;146.00;68.60;16826.95;
29/07/2026;12;33304.70;-48945.71;2252.60;10929.74;4341.00;239.00;4269.50;10.20;797.75;0;0.00;799.15;0;0;3.50;0;1219.65;2646.68;82.07;0;0;157.88;5335.93;0.00;0;0;5.45;146.00;68.60;17380.35;
29/07/2026;13;34019.24;-50089.93;2244.00;11449.51;4201.69;239.00;4325.75;10.00;775.97;0;0.00;809.72;0;0;3.50;0;1417.62;2708.22;82.06;0;0;163.21;5368.14;0.00;0;0;6.25;146.00;68.60;17123.60;
29/07/2026;14;35983.81;-51090.12;2241.58;12020.24;4252.50;239.00;4841.50;9.00;756.12;0;0.00;813.78;0;0;4.19;0;1532.45;2658.34;87.49;0;0;244.19;6062.28;0.00;0;0;6.55;146.00;68.60;16155.61;
29/07/2026;15;38173.87;-50881.34;2219.61;12086.86;4239.09;239.00;5094.93;8.30;741.59;0;0.00;801.36;0;0;3.79;0;1488.42;2584.65;87.04;0;0;149.41;8208.87;0.00;0;0;6.35;146.00;68.60;14144.88;
29/07/2026;16;40799.06;-50410.05;2244.51;12207.59;4257.19;239.00;5805.57;7.70;730.46;0;0.00;783.47;0;0;3.79;0;1633.39;2442.88;92.34;0;0;251.67;9878.65;0.00;0;0;6.25;146.00;68.60;10875.17;
29/07/2026;17;44313.45;-49653.72;2265.89;12174.57;4369.20;276.00;7808.70;7.70;727.14;0;0.00;765.59;0;0;3.79;0;1881.27;1961.95;93.04;0;0;208.28;11524.78;0.00;0;0;6.25;146.00;93.30;6741.62;
29/07/2026;18;46656.71;-48052.04;2444.81;12171.08;4430.90;276.00;9275.50;8.70;729.64;0;0.00;766.00;0;0;4.04;0;2025.03;884.31;94.33;0;0;245.04;13051.08;0.00;0;0;5.55;146.00;98.70;2796.75;
29/07/2026;19;48058.30;-47627.97;3177.94;12032.18;4527.40;276.00;9300.50;8.70;742.16;0;0.00;739.81;0;0;3.99;0;2542.94;94.23;93.75;0;0;286.93;13972.02;0.00;0;0;5.55;146.00;108.20;624.16;
29/07/2026;20;49072.38;-48324.07;3551.55;11799.48;4741.00;276.00;9300.50;8.70;764.43;0;0.00;735.60;0;0;4.09;0;2873.93;100.75;92.98;0;0;312.40;14251.62;0.00;0;0;5.65;146.00;107.70;152.79;
29/07/2026;21;49039.49;-47894.12;3565.12;11701.49;4746.00;276.00;9300.50;8.70;790.14;0;0.00;737.31;0;0;4.09;0;2740.69;60.60;92.78;0;0;311.10;14460.12;0.00;0;0;5.65;146.00;93.20;141.25;
29/07/2026;22;46581.17;-46058.35;2569.59;11541.01;4769.00;276.00;9302.07;8.70;815.37;0;0.00;746.49;0;0;4.09;0;2339.70;0.00;92.78;0;0;286.20;13586.22;0.00;0;0;4.75;146.00;93.20;141.05;
29/07/2026;23;44871.21;-44144.33;2205.00;11268.77;4585.00;276.00;9281.50;8.70;834.46;0;0.00;751.68;0;0;4.24;0;2043.41;0.00;90.98;0;0;172.60;13104.92;0.00;0;0;4.75;146.00;93.20;137.31;
30/07/2026;0;42657.50;-41143.36;2203.21;11068.92;4597.00;276.00;9149.72;8.20;841.55;0;0.00;734.74;0;0;3.89;0;2075.00;6.00;87.00;0;0;167.90;11220.72;0.00;0;0;5.15;150.00;62.50;129.84;
30/07/2026;1;40587.73;-38829.49;2215.40;10964.28;4431.00;276.00;9000.50;8.20;854.57;0;0.00;735.57;0;0;4.04;0;1806.51;0.00;86.99;0;0;220.90;9770.52;0.00;0;0;6.15;150.00;57.10;129.88;
30/07/2026;2;38918.86;-37149.77;2211.25;10716.71;4486.00;276.00;8948.70;8.20;869.79;0;0.00;726.08;0;0;4.04;0;1761.03;0.00;86.99;0;0;219.60;8387.72;0.00;0;0;5.35;150.00;61.40;126.50;
30/07/2026;3;37509.13;-36067.81;1972.26;10444.73;4534.00;276.00;8019.60;8.20;882.44;0;0.00;726.34;0;0;4.04;0;1704.26;0.00;86.99;0;0;220.90;8412.72;0.00;0;0;5.25;150.00;61.40;132.02;
30/07/2026;4;36533.77;-35112.82;1931.25;10417.15;4525.00;239.00;7880.00;8.20;901.21;0;0.00;725.62;0;0;4.04;0;1672.97;0.01;85.65;0;0;227.50;7699.52;0.00;0;0;5.25;150.00;61.40;142.82;
30/07/2026;5;35623.89;-34325.84;1933.75;10490.82;4485.10;239.00;7540.50;8.20;911.61;0;0.00;723.82;0;0;4.04;0;1635.78;9.87;85.56;0;0;227.17;7111.92;0.00;0;0;5.35;150.00;61.40;232.24;
30/07/2026;6;34117.62;-34111.48;1930.56;10646.90;4566.29;239.00;6952.80;8.20;918.94;0;0.00;737.58;0;0;4.14;0;1643.54;419.93;81.07;0;0;215.74;5536.58;0.00;0;0;4.45;150.00;61.90;1204.15;
30/07/2026;7;33717.65;-36335.88;1732.76;10616.68;4562.10;239.00;5727.50;8.20;911.82;0;0.00;765.14;0;0;4.14;0;1509.29;1546.91;82.24;0;0;166.77;5639.55;0.00;0;0;4.65;150.00;50.90;4134.11;
30/07/2026;8;35606.86;-42389.19;1715.41;10830.96;4597.10;239.00;5978.70;8.90;888.36;0;0.00;780.65;0;0;4.44;0;1719.52;2321.01;90.81;0;0;232.82;5997.23;0.00;0;0;4.55;150.00;47.40;8298.17;
30/07/2026;9;35225.62;-45540.28;1736.04;10871.45;4568.30;239.00;5459.90;9.80;865.03;0;0.00;795.94;0;0;4.44;0;1676.01;2562.30;91.15;0;0;232.76;5908.65;0.00;0;0;4.55;150.00;50.30;12292.05;
30/07/2026;10;34142.03;-47273.11;1746.49;11076.62;4564.00;239.00;4355.00;10.50;836.85;0;0.00;803.50;0;0;4.42;0;1585.88;2660.24;85.39;0;0;215.19;5754.00;0.00;0;0;4.65;150.00;50.30;15139.68;
30/07/2026;11;34017.44;-48420.58;1752.26;11243.95;4518.60;239.00;4336.50;10.50;815.84;0;0.00;808.82;0;0;4.24;0;1555.79;2627.35;86.56;0;0;212.97;5600.31;0.00;0;0;4.45;150.00;50.30;16600.97;
30/07/2026;12;33248.14;-47771.70;1753.47;11245.44;4457.80;239.00;4276.50;9.80;789.11;0;0.00;799.98;0;0;3.99;0;1406.74;2651.45;83.39;0;0;155.87;5169.95;0.00;0;0;5.35;150.00;50.30;17263.81;
30/07/2026;13;33926.97;-49010.90;1754.76;11734.47;4440.80;239.00;4320.40;9.20;761.44;0;0.00;784.56;0;0;4.32;0;1503.92;2664.15;85.49;0;0;157.19;5261.72;0.00;0;0;5.25;150.00;50.30;17179.34;
30/07/2026;14;36248.20;-50156.94;1752.02;11814.60;4439.30;239.00;4724.50;8.80;744.75;0;0.00;786.40;0;0;3.50;0;1455.61;2653.25;84.11;0;0;157.32;7179.19;0.00;0;0;5.55;150.00;50.30;16180.51;
30/07/2026;15;37859.94;-50083.62;1746.35;12115.20;4503.30;239.00;5246.70;7.90;732.62;0;0.00;786.75;0;0;4.34;0;1643.50;2572.51;91.26;0;0;243.79;7716.97;0.00;0;0;5.25;150.00;54.50;14116.54;
30/07/2026;16;41136.56;-49539.95;1798.56;12135.99;4457.30;276.00;6590.50;7.20;719.38;0;0.00;766.02;0;0;4.14;0;1722.95;2399.04;93.53;0;0;213.53;9742.77;0.00;0;0;5.15;150.00;54.50;10879.27;
30/07/2026;17;44563.13;-48960.14;2120.16;12021.85;4516.09;276.00;8068.80;7.20;713.06;0;0.00;765.07;0;0;3.94;0;1893.96;1948.45;93.66;0;0;254.87;11648.07;0.00;0;0;5.25;150.00;76.70;6687.57;
30/07/2026;18;46757.02;-47327.67;2700.74;11966.42;4638.40;276.00;9119.50;8.20;716.43;0;0.00;757.67;0;0;4.04;0;2128.86;915.30;93.99;0;0;203.92;12987.60;0.00;0;0;5.35;150.00;84.60;2748.63;
30/07/2026;19;48334.63;-46872.11;3724.63;11806.17;4785.40;276.00;9234.50;8.20;733.67;0;0.00;747.01;0;0;3.89;0;2467.67;110.38;94.49;0;0;236.33;13861.84;0.00;0;0;4.45;150.00;90.00;590.53;
30/07/2026;20;49335.00;-47616.26;4059.30;11696.40;4838.00;276.00;9232.50;8.20;754.45;0;0.00;743.85;0;0;3.89;0;2750.22;104.07;94.25;0;0;245.40;14284.42;0.00;0;0;4.55;150.00;89.50;148.62;
30/07/2026;21;48976.36;-47002.19;4142.97;11582.32;4844.00;276.00;9126.50;8.20;772.26;0;0.00;746.74;0;0;3.89;0;2604.91;64.30;93.50;0;0;236.60;14225.92;0.00;0;0;4.65;150.00;93.60;137.01;
30/07/2026;22;47236.22;-45160.97;3385.34;11258.71;4808.00;276.00;9126.50;8.20;794.79;0;0.00;751.56;0;0;3.89;0;2409.48;14.00;93.48;0;0;233.90;13828.32;0.00;0;0;4.55;150.00;89.50;135.11;
30/07/2026;23;45513.78;-43255.67;2591.65;11052.99;4710.00;276.00;9126.50;8.20;815.38;0;0.00;749.26;0;0;3.94;0;2249.29;0.00;91.70;0;0;192.50;13402.32;0.00;0;0;4.55;150.00;89.50;131.45;
31/07/2026;0;43038.99;-41235.77;2079.78;10940.21;4684.00;239.00;9031.50;2.20;846.75;0;0.00;715.12;0;0;4.04;0;2054.37;0.00;86.39;0;0;253.00;11881.63;0.00;0;0;4.80;150.00;66.20;120.53;
31/07/2026;1;40636.63;-39018.38;2045.09;10804.78;4538.00;239.00;8476.50;2.20;860.57;0;0.00;718.07;0;0;4.04;0;1872.26;0.00;86.39;0;0;250.20;10522.93;0.00;0;0;5.80;150.00;60.80;120.04;
31/07/2026;2;38840.03;-37467.08;2044.07;10697.04;4608.00;239.00;8307.00;2.20;883.69;0;0.00;720.89;0;0;4.04;0;1821.17;0.00;86.40;0;0;250.00;8956.43;0.00;0;0;5.00;150.00;65.10;120.01;
31/07/2026;3;37610.00;-36409.02;2045.06;10589.34;4634.00;239.00;8125.50;2.20;897.64;0;0.00;722.27;0;0;4.04;0;1691.82;0.00;86.40;0;0;229.30;8123.43;0.00;0;0;4.90;150.00;65.10;126.68;
31/07/2026;4;36557.04;-35516.78;2045.86;10560.52;4724.00;239.00;7636.70;2.20;913.81;0;0.00;722.51;0;0;4.04;0;1672.13;0.00;85.04;0;0;232.30;7498.93;0.00;0;0;4.90;150.00;65.10;140.31;
31/07/2026;5;35742.88;-34844.60;2046.55;10520.93;4687.90;239.00;7161.50;2.20;919.31;0;0.00;723.69;0;0;4.04;0;1660.19;10.99;85.10;0;0;228.45;7232.93;0.00;0;0;5.00;150.00;65.10;232.90;
31/07/2026;6;34218.44;-34594.44;2046.63;10523.41;4800.30;239.00;6599.00;2.20;923.74;0;0.00;731.96;0;0;4.24;0;1622.17;428.70;80.66;0;0;204.54;5792.19;0.00;0;0;4.10;150.00;65.60;1178.56;
31/07/2026;7;33748.06;-36926.36;1993.64;10475.54;4821.50;239.00;5693.60;2.20;916.92;0;0.00;748.93;0;0;4.24;0;1473.15;1532.47;82.02;0;0;182.46;5373.49;0.00;0;0;4.30;150.00;54.60;3994.52;
31/07/2026;8;36234.63;-43159.78;2017.57;10484.07;4839.60;239.00;6585.50;2.90;890.26;0;0.00;770.32;0;0;4.44;0;1693.40;2284.15;90.81;0;0;244.69;5882.02;0.00;0;0;4.80;150.00;51.10;7954.33;
31/07/2026;9;35810.86;-46218.32;2036.76;10532.50;4832.50;239.00;6034.50;3.50;866.43;0;0.00;799.33;0;0;4.44;0;1588.10;2509.32;91.39;0;0;248.18;5816.11;0.00;0;0;4.80;150.00;54.00;11886.41;
31/07/2026;10;34505.72;-47839.27;2045.46;10384.36;4654.70;239.00;5332.80;4.30;838.95;0;0.00;806.92;0;0;4.44;0;1526.61;2611.27;84.25;0;0;229.91;5533.85;0.00;0;0;4.90;150.00;54.00;14836.22;
31/07/2026;11;34082.00;-48878.32;2051.42;10558.21;4673.00;239.00;4898.50;4.40;822.03;0;0.00;818.55;0;0;4.44;0;1548.54;2670.40;84.77;0;0;218.56;5281.48;0.00;0;0;4.70;150.00;54.00;16405.55;
31/07/2026;12;33121.46;-47870.00;2052.04;10436.47;4598.60;239.00;4556.50;4.50;794.21;0;0.00;797.64;0;0;4.09;0;1366.67;2664.38;85.08;0;0;96.70;5215.98;0.00;0;0;5.60;150.00;54.00;16970.15;
31/07/2026;13;33548.09;-48120.00;2052.11;10672.09;4595.00;239.00;5030.50;4.10;771.43;0;0.00;797.02;0;0;4.09;0;1332.87;2679.20;86.81;0;0;96.12;4968.25;0.00;0;0;5.50;160.00;54.00;16799.07;
31/07/2026;14;35934.67;-50083.12;2050.52;11117.73;4496.60;239.00;6011.90;3.40;751.25;0;0.00;815.54;0;0;4.21;0;1555.22;2699.29;91.42;0;0;145.05;5723.84;0.00;0;0;5.70;170.00;54.00;15833.20;
31/07/2026;15;38078.08;-50115.48;2044.74;11296.87;4480.90;239.00;6505.30;2.60;735.62;0;0.00;811.27;0;0;4.44;0;1473.36;2618.14;90.95;0;0;209.46;7325.83;0.00;0;0;5.50;180.00;54.10;13872.83;
31/07/2026;16;41145.60;-49552.97;2086.80;11350.57;4657.30;276.00;7068.80;2.20;725.02;0;0.00;801.57;0;0;4.24;0;1527.89;2452.93;93.11;0;0;209.92;9639.75;0.00;0;0;5.40;190.00;54.10;10594.51;
31/07/2026;17;44153.45;-48790.60;2188.50;11307.16;4734.20;276.00;8445.90;2.20;719.70;0;0.00;772.45;0;0;4.24;0;1842.38;1979.40;93.20;0;0;209.86;11298.96;0.00;0;0;5.50;195.00;78.80;6510.17;
31/07/2026;18;46572.76;-47206.81;2872.60;11319.00;4839.40;276.00;9324.50;2.20;725.80;0;0.00;750.35;0;0;3.89;0;2023.69;885.23;92.95;0;0;268.45;12898.90;0.00;0;0;5.60;200.00;84.20;2624.62;
31/07/2026;19;48157.86;-46927.84;3499.29;11219.53;4903.30;276.00;9321.50;2.20;734.92;0;0.00;741.22;0;0;3.89;0;2436.55;105.57;91.82;0;0;290.92;14231.85;0.00;0;0;5.60;200.00;93.70;559.77;
31/07/2026;20;49257.32;-47586.77;3838.96;11166.60;4923.00;276.00;9321.50;2.20;753.55;0;0.00;743.69;0;0;3.89;0;2720.34;94.06;91.10;0;0;288.90;14724.63;0.00;0;0;5.70;210.00;93.20;137.01;
31/07/2026;21;48670.19;-47019.22;3865.80;10962.15;4929.00;276.00;9241.50;2.20;778.40;0;0.00;737.72;0;0;3.89;0;2687.92;35.90;90.78;0;0;294.80;14455.23;0.00;0;0;5.70;210.00;93.20;125.27;
31/07/2026;22;46820.29;-45268.59;3343.20;10675.06;4964.00;276.00;9241.50;2.20;802.69;0;0.00;748.51;0;0;3.96;0;2294.44;0.00;91.80;0;0;281.80;13782.13;0.00;0;0;4.80;215.00;93.20;123.73;
31/07/2026;23;45010.58;-43356.13;2440.46;10298.13;4967.00;276.00;9241.50;2.20;825.28;0;0.00;736.83;0;0;4.14;0;2184.15;0.00;91.36;0;0;262.50;13368.03;0.00;0;0;4.80;215.00;93.20;121.01;
01/08/2026;0;43189.43;-41119.17;1978.70;9907.95;5017.00;276.00;9140.50;3.20;856.93;0;0.00;717.05;0;0.00;3.54;0;1990.72;0.00;87.67;0;0;231.20;12713.97;0.00;0;0;3.80;200.00;61.20;116.41;
01/08/2026;1;41518.71;-39145.51;1764.10;9521.96;4995.00;276.00;9140.50;3.20;876.25;0;0.00;717.33;0;0.00;3.54;0;1938.01;0.00;87.43;0;0;224.22;11724.87;0.00;0;0;5.50;185.00;55.80;115.89;
01/08/2026;2;39835.14;-37587.58;1589.18;9237.66;5047.00;276.00;9145.50;3.20;892.64;0;0.00;713.46;0;0.00;3.63;0;1913.90;0.00;87.80;0;0;212.70;10477.77;0.00;0;0;4.60;170.00;60.10;113.83;
01/08/2026;3;38473.42;-36459.92;1576.28;9001.69;5086.00;276.00;9141.50;3.20;907.26;0;0.00;724.74;0;0.00;3.74;0;1983.44;0.00;87.80;0;0;200.80;9261.27;0.00;0;0;4.60;155.00;60.10;120.71;
01/08/2026;4;37248.47;-35513.96;1588.68;8793.24;5102.00;276.00;9141.50;3.20;919.52;0;0.00;725.61;0;0.00;3.74;0;1930.01;0.00;86.50;0;0;200.70;8258.07;0.00;0;0;4.60;155.00;60.10;135.05;
01/08/2026;5;36289.69;-34747.99;1634.66;8704.93;5085.70;276.00;9031.50;3.20;926.93;0;0.00;726.01;0;0.00;3.74;0;1737.66;11.11;86.50;0;0;223.98;7618.07;0.00;0;0;4.60;155.00;60.10;226.35;
01/08/2026;6;34172.85;-33963.76;1573.96;8693.88;5096.40;276.00;7777.80;3.20;930.78;0;0.00;736.93;0;0.00;3.74;0;1684.06;402.16;87.59;0;0;199.74;6486.41;0.00;0;0;4.60;155.00;60.60;1202.00;
01/08/2026;7;32781.23;-35285.32;1651.97;8646.88;4943.29;276.00;6138.20;3.20;923.77;0;0.00;755.24;0;0.00;3.94;0;1510.66;1573.61;82.33;0;0;224.36;5839.18;0.00;0;0;4.00;155.00;49.60;4143.54;
01/08/2026;8;32882.14;-39678.15;1639.32;8657.10;4962.69;239.00;5360.20;3.50;905.70;0;0.00;775.85;0;0.00;4.24;0;1598.78;2337.94;86.69;0;0;187.23;5918.90;0.00;0;0;3.90;155.00;46.10;8470.72;
01/08/2026;9;32040.83;-42577.49;1658.09;8601.19;4875.09;239.00;4599.50;4.00;881.45;0;0.00;797.44;0;0.00;4.24;0;1457.31;2584.54;86.54;0;0;131.73;5912.81;0.00;0;0;3.90;155.00;49.00;12451.38;
01/08/2026;10;31444.55;-44577.32;1665.30;8329.10;4861.00;239.00;4407.50;4.10;857.67;0;0.00;792.18;0;0.00;4.04;0;1348.23;2741.24;83.82;0;0;117.32;5786.15;0.00;0;0;3.90;155.00;49.00;15265.57;
01/08/2026;11;31131.51;-45843.21;1671.77;8396.12;4837.00;119.00;4325.80;4.80;835.28;0;0.00;823.51;0;0.00;4.24;0;1398.31;2772.35;86.27;0;0;186.47;5462.79;0.00;0;0;3.80;155.00;49.00;16868.86;
01/08/2026;12;30563.16;-45676.90;1673.29;8246.62;4890.10;119.00;4420.50;5.20;808.75;0;0.00;812.32;0;0.00;3.89;0;1260.94;2762.34;83.11;0;0;163.75;5104.75;0.00;0;0;4.60;155.00;49.00;17352.12;
01/08/2026;13;31584.29;-46616.57;1609.58;8664.38;4959.60;239.00;4611.50;4.70;783.17;0;0.00;833.10;0;0.00;4.04;0;1440.98;2769.25;86.17;0;0;208.17;5162.05;0.00;0;0;4.60;155.00;49.00;17099.15;
01/08/2026;14;32918.17;-47051.31;1606.97;8781.93;5005.00;239.00;5315.00;3.70;760.29;0;0.00;825.96;0;0.00;4.04;0;1535.03;2733.87;90.51;0;0;233.15;5583.92;0.00;0;0;4.80;146.00;49.00;15925.08;
01/08/2026;15;34545.65;-46612.69;1616.02;9000.75;5148.10;239.00;5189.20;3.20;738.66;0;0.00;830.46;0;0.00;4.24;0;1469.78;2643.02;91.09;0;0;229.61;7142.82;0.00;0;0;4.60;146.00;49.10;13926.62;
01/08/2026;16;36948.70;-46115.23;1640.69;9119.83;5009.10;239.00;5759.50;3.20;727.44;0;0.00;811.23;0;0.00;4.18;0;1494.14;2453.95;93.28;0;0;216.25;9177.31;0.00;0;0;4.50;146.00;49.10;10754.09;
01/08/2026;17;40644.47;-45287.76;2031.23;9258.45;4930.10;276.00;7445.10;3.20;721.24;0;0.00;777.74;0;0.00;4.20;0;1657.73;1974.76;93.36;0;0;178.55;11068.41;0.00;0;0;4.60;146.00;73.80;6596.62;
01/08/2026;18;44106.74;-44640.47;2708.47;9304.69;5223.80;276.00;9079.50;3.20;726.44;0;0.00;770.81;0;0.00;3.88;0;1939.03;879.47;93.69;0;0;246.36;12621.50;0.00;0;0;4.70;146.00;79.20;2683.79;
01/08/2026;19;46548.88;-44834.72;3827.01;9141.61;5276.30;276.00;9206.50;3.20;741.96;0;0.00;763.87;0;0.00;3.74;0;2467.62;101.70;93.30;0;0;290.62;14116.05;0.00;0;0;4.70;146.00;88.70;587.90;
01/08/2026;20;47753.65;-45802.54;4275.85;8912.03;5329.50;259.00;9206.50;3.20;764.99;0;0.00;770.00;0;0.00;3.95;0;2764.91;91.95;93.34;0;0;288.40;14751.03;0.00;0;0;4.80;146.00;88.20;130.10;
01/08/2026;21;47306.99;-45291.68;4228.30;8674.62;5327.20;258.00;9293.50;3.20;792.40;0;0.00;769.27;0;0.00;4.14;0;2708.46;36.90;93.03;0;0;322.10;14556.87;0.00;0;0;4.80;146.00;88.20;117.45;
01/08/2026;22;45561.79;-43491.56;3794.30;8245.14;5363.00;259.00;9293.50;3.20;816.33;0;0.00;764.91;0;0.00;4.14;0;2329.82;0.00;93.08;0;0;267.50;14089.77;0.00;0;0;3.90;146.00;88.20;114.89;
01/08/2026;23;43796.52;-41712.69;3394.45;7722.79;5332.00;259.00;9293.50;3.20;833.36;0;0.00;759.11;0;0.00;4.14;0;2207.42;0.00;92.60;0;0;259.10;13397.75;0.00;0;0;3.90;146.00;88.20;112.15;
02/08/2026;0;41430.63;-39131.32;3348.12;7251.28;5200.00;276.00;9241.50;0.00;863.03;0;0.00;744.01;0;0.00;3.90;0;2168.31;0.00;93.51;0;0;184.80;11817.67;0.00;0;0;3.90;146.00;88.60;110.81;
02/08/2026;1;39533.92;-37063.63;3259.28;6918.20;5205.00;276.00;9241.50;0.00;877.15;0;0.00;742.49;0;0.00;3.94;0;2050.98;0.00;89.51;0;0;160.40;10469.17;0.00;0;0;5.70;146.00;88.60;109.99;
02/08/2026;2;37933.84;-35376.93;3041.87;6627.40;5186.60;276.00;9247.01;0.00;892.73;0;0.00;750.52;0;0.00;3.94;0;1875.40;0.00;89.60;0;0;215.50;9481.37;0.00;0;0;4.80;146.00;95.10;108.99;
02/08/2026;3;36335.32;-34298.28;2456.27;6536.30;5225.10;267.00;9252.50;0.00;900.68;0;0.00;747.48;0;0.00;3.86;0;1831.56;0.00;89.60;0;0;144.70;8634.17;0.00;0;0;4.80;146.00;95.30;113.01;
02/08/2026;4;35381.17;-33256.19;2304.47;6420.56;5163.00;256.00;9252.50;0.00;915.75;0;0.00;748.02;0;0.00;3.74;0;1828.09;0.00;87.30;0;0;145.47;8037.17;0.00;0;0;4.80;146.00;68.30;128.20;
02/08/2026;5;34237.15;-32412.40;2090.36;6330.80;5161.90;258.00;9252.50;0.00;926.55;0;0.00;748.31;0;0.00;3.94;0;1785.54;9.39;88.30;0;0;144.09;7224.17;0.00;0;0;4.80;146.00;62.50;218.31;
02/08/2026;6;32094.86;-31293.44;2049.40;6185.77;5218.70;258.00;8455.93;0.00;932.08;0;0.00;767.78;0;0.00;4.14;0;1634.57;420.25;89.42;0;0;219.50;5647.92;0.00;0;0;4.80;146.00;60.60;1212.86;
02/08/2026;7;29561.95;-31739.48;1715.06;6042.90;4949.10;239.00;6573.60;0.00;925.66;0;0.00;778.66;0;0.00;4.14;0;1390.36;1612.52;84.14;0;0;211.23;4835.08;0.00;0;0;4.90;146.00;49.60;4297.43;
02/08/2026;8;27371.61;-34154.65;1668.77;5952.08;4933.50;239.00;5306.60;0.20;900.87;0;0.00;800.25;0;0.00;4.24;0;1372.13;2448.37;87.57;0;0;206.53;3255.40;0.00;0;0;4.00;146.00;46.10;8781.70;
02/08/2026;9;25788.46;-36073.79;1683.05;5595.27;4916.60;239.00;4168.50;0.80;876.97;0;0.00;809.32;0;0.00;4.24;0;1215.44;2663.51;86.17;0;0;95.23;3235.26;0.00;0;0;4.00;146.00;49.10;12653.83;
02/08/2026;10;25555.69;-38036.64;1690.48;5514.30;4939.00;239.00;4056.50;1.60;852.30;0;0.00;818.88;0;0.00;4.24;0;1102.26;2747.05;85.61;0;0;86.52;3218.75;0.00;0;0;4.10;146.00;49.10;15496.44;
02/08/2026;11;25701.09;-39685.82;1700.67;5693.49;4942.90;239.00;4058.50;1.70;825.58;0;0.00;824.73;0;0.00;4.24;0;1009.21;2769.13;86.02;0;0;159.24;3187.58;0.00;0;0;4.00;146.00;49.10;17005.17;
02/08/2026;12;25805.15;-40244.76;1702.23;5793.82;4986.90;239.00;4108.50;1.80;797.85;0;0.00;818.90;0;0.00;4.24;0;984.75;2777.57;84.95;0;0;158.29;3146.45;0.00;0;0;4.80;146.00;49.10;17486.55;
02/08/2026;13;26702.07;-41280.58;1699.70;6206.26;4972.50;239.00;4218.50;1.40;776.66;0;0.00;831.97;0;0.00;4.44;0;1216.07;2836.04;87.03;0;0;160.28;3252.42;0.00;0;0;4.70;146.00;49.10;17177.99;
02/08/2026;14;27718.72;-41673.13;1700.14;6554.17;4981.70;239.00;4739.50;0.70;753.78;0;0.00;852.32;0;0.00;4.44;0;1306.92;2813.32;93.33;0;0;197.34;3282.56;0.00;0;0;4.40;146.00;49.10;15967.90;
02/08/2026;15;29967.66;-41623.40;1732.80;6795.13;4873.28;239.00;6253.50;0.00;735.76;0;0.00;840.20;0;0.00;4.44;0;1320.99;2701.56;92.78;0;0;157.42;4021.50;0.00;0;0;4.20;146.00;49.10;13768.19;
02/08/2026;16;33001.45;-41585.77;1794.80;7003.04;4849.90;276.00;6984.50;0.00;722.89;0;0.00;811.42;0;0.00;4.44;0;1468.90;2503.54;94.92;0;0;160.81;6126.69;0.00;0;0;4.10;146.00;49.50;10493.48;
02/08/2026;17;37315.04;-41455.67;1978.50;7133.77;4867.18;276.00;7881.50;0.00;718.34;0;0.00;797.42;0;0.00;4.44;0;1475.18;1984.19;95.06;0;0;197.56;9708.50;0.00;0;0;4.20;146.00;47.20;6406.67;
02/08/2026;18;41433.16;-41281.88;3164.48;7118.00;5199.30;276.00;9278.50;0.00;728.27;0;0.00;788.48;0;0.00;4.04;0;1779.22;863.03;95.47;0;0;218.36;11696.71;0.00;0;0;5.10;146.00;72.20;2594.70;
02/08/2026;19;44389.78;-41802.05;4969.29;7045.66;5364.80;276.00;9275.50;0.00;745.96;0;0.00;763.83;0;0.00;3.92;0;2066.34;100.46;95.89;0;0;231.01;13211.02;0.00;0;0;5.00;146.00;89.10;539.86;
02/08/2026;20;46514.93;-43122.74;6166.88;6814.84;5248.00;276.00;9275.50;0.00;774.99;0;0.00;762.06;0;0.00;4.04;0;2481.61;96.69;95.15;0;0;213.00;14067.27;0.00;0;0;4.30;146.00;88.60;120.29;
02/08/2026;21;46032.71;-42853.38;6171.06;6482.42;5257.00;276.00;9377.88;0.00;803.84;0;0.00;771.29;0;0.00;4.04;0;2522.38;41.50;94.83;0;0;218.90;13772.57;0.00;0;0;4.40;146.00;88.60;106.63;
02/08/2026;22;44767.88;-41586.08;6044.88;6012.43;5297.00;276.00;9378.22;0.00;824.43;0;0.00;761.91;0;0.00;4.04;0;2218.42;0.00;94.88;0;0;200.30;13416.97;0.00;0;0;3.80;146.00;88.60;99.94;
02/08/2026;23;43236.06;-40164.99;5480.38;5575.84;5255.00;276.00;9377.75;0.00;844.06;0;0.00;758.69;0;0.00;4.04;0;2041.73;0.00;93.10;0;0;185.10;13105.97;0.00;0;0;3.80;146.00;88.60;96.52;
03/08/2026;0;40816.48;-39243.47;4676.32;5090.66;5130.00;276.00;9234.50;0.00;880.29;0;0.00;769.67;0;0;3.74;0;2030.95;0.00;88.48;0;0;187.40;12241.27;0.00;0;0;3.80;146.00;57.40;89.00;
03/08/2026;1;38432.42;-37103.52;4399.55;4698.33;5092.00;276.00;9234.50;0.00;890.91;0;0.00;774.16;0;0;3.89;0;1810.52;0.00;88.49;0;0;144.50;10811.17;0.00;0;0;5.00;146.00;57.40;90.52;
03/08/2026;2;36853.81;-35465.10;4655.94;4416.36;5129.00;276.00;9239.50;0.00;907.89;0;0.00;769.43;0;0;3.85;0;1787.48;0.00;85.19;0;0;90.00;9279.17;0.00;0;0;4.10;146.00;63.90;88.50;
03/08/2026;3;36075.18;-34519.66;4895.37;4240.95;5129.00;276.00;9211.50;0.00;921.90;0;0.00;771.82;0;0;3.80;0;1666.74;0.00;85.19;0;0;210.70;8448.21;0.00;0;0;4.10;146.00;63.90;91.25;
03/08/2026;4;35164.76;-33784.14;5040.85;4185.45;5160.00;276.00;9211.50;0.00;933.61;0;0.00;771.31;0;0;3.74;0;1658.07;0.00;83.87;0;0;207.90;7418.46;0.00;0;0;4.10;146.00;63.90;99.16;
03/08/2026;5;34534.85;-33262.76;5031.27;4145.17;5129.00;276.00;9211.50;0.00;934.61;0;0.00;744.03;0;0;3.83;0;1634.31;9.81;83.88;0;0;217.08;6900.36;0.00;0;0;4.10;146.00;63.90;183.20;
03/08/2026;6;33384.30;-33144.50;4648.43;4007.71;5136.80;276.00;9212.50;0.00;938.24;0;0.00;753.94;0;0;3.84;0;1524.31;427.09;79.47;0;0;211.11;5950.46;0.00;0;0;4.10;146.00;64.30;1142.92;
03/08/2026;7;33427.53;-35964.23;4142.37;3984.34;5144.09;276.00;9247.07;0.00;928.52;0;0.00;770.61;0;0;4.14;0;1433.84;1645.45;79.71;0;0;197.41;5370.58;0.00;0;0;4.20;146.00;53.20;3997.22;
03/08/2026;8;36348.87;-42925.07;4676.15;3748.00;5154.19;276.00;9250.50;0.70;904.30;0;0.00;791.92;0;0;4.09;0;1562.90;2449.06;90.78;0;0;143.30;7091.08;0.00;0;0;3.80;146.00;56.10;8165.72;
03/08/2026;9;36540.31;-46589.23;4699.17;3800.73;5155.50;276.00;9270.50;1.30;877.12;0;0.00;831.09;0;0;4.09;0;1471.16;2682.91;91.43;0;0;134.56;7042.05;0.00;0;0;3.80;146.00;52.90;12055.52;
03/08/2026;10;35806.01;-48334.59;4197.78;3858.77;5188.00;276.00;9278.50;2.10;852.19;0;0.00;853.55;0;0;4.37;0;1492.12;2785.76;85.40;0;0;198.13;6530.64;0.00;0;0;3.80;146.00;52.90;14907.36;
03/08/2026;11;35478.78;-49836.11;4234.45;3952.09;5177.60;276.00;9159.50;2.20;822.34;0;0.00;860.86;0;0;3.70;0;1486.73;2818.94;85.12;0;0;133.11;6263.44;0.00;0;0;3.80;146.00;52.90;16377.40;
03/08/2026;12;35062.11;-49251.38;3863.56;4238.99;5173.80;276.00;9162.00;2.30;791.75;0;0.00;862.42;0;0;4.44;0;1337.58;2824.76;84.66;0;0;85.38;6151.47;0.00;0;0;4.10;146.00;52.90;16838.81;
03/08/2026;13;36690.83;-50518.85;4384.09;4607.46;5168.90;276.00;9160.50;1.90;769.63;0;0.00;859.91;0;0;3.70;0;1422.85;2847.39;84.56;0;0;84.64;6816.40;0.00;0;0;4.00;146.00;52.90;16492.78;
03/08/2026;14;39237.35;-51610.58;5037.35;5103.96;5148.90;276.00;9158.50;1.20;749.79;0;0.00;853.62;0;0;3.50;0;1455.43;2812.91;90.31;0;0;128.61;8214.07;0.00;0;0;4.30;146.00;52.90;15260.04;
03/08/2026;15;41227.72;-51494.06;5500.06;5482.29;5172.20;276.00;9376.50;0.40;737.00;0;0.00;825.48;0;0;4.43;0;1454.65;2676.52;90.06;0;0;126.96;9302.17;0.00;0;0;4.10;146.00;52.90;13004.95;
03/08/2026;16;44098.64;-51022.41;6880.76;5944.00;4993.50;276.00;9375.07;0.00;727.72;0;0.00;814.74;0;0;4.44;0;1592.51;2487.25;92.12;0;0;149.28;10558.35;0.00;0;0;4.00;146.00;52.90;9763.03;
03/08/2026;17;47068.15;-50010.64;8433.94;6212.31;4952.30;276.00;9360.50;0.00;723.40;0;0.00;802.13;0;0;4.09;0;1903.66;1974.47;91.92;0;0;151.78;11981.15;0.00;0;0;4.10;146.00;50.40;5869.16;
03/08/2026;18;48777.52;-48137.98;9506.99;6238.22;4940.00;266.00;9439.50;0.00;735.99;0;0.00;762.89;0;0;3.69;0;1985.64;852.52;92.42;0;0;188.89;13565.87;0.00;0;0;5.00;146.00;47.90;2298.55;
03/08/2026;19;49850.31;-47854.94;10296.35;6405.13;4963.30;276.00;9437.50;0.00;756.82;0;0.00;773.17;0;0;3.69;0;2380.11;96.26;93.50;0;0;226.71;13933.07;0.00;0;0;4.90;146.00;57.80;450.68;
03/08/2026;20;51010.97;-48660.03;10410.18;6641.33;5081.50;276.00;9437.50;0.00;785.49;0;0.00;771.64;0;0;4.04;0;2607.27;79.38;92.67;0;0;312.40;14303.97;0.00;0;0;4.20;146.00;57.40;89.62;
03/08/2026;21;50683.47;-48040.27;10294.69;6837.14;5110.00;276.00;9410.50;0.00;811.00;0;0.00;768.00;0;0;4.00;0;2573.51;39.20;92.46;0;0;200.80;14058.47;0.00;0;0;4.30;146.00;57.40;82.04;
03/08/2026;22;48990.05;-46386.10;9572.81;6814.24;5098.00;276.00;9395.50;0.00;838.79;0;0.00;748.26;0;0;4.04;0;2269.70;0.00;90.54;0;0;193.50;13481.47;0.00;0;0;3.80;146.00;57.40;80.80;
03/08/2026;23;46970.99;-44531.41;8615.71;6427.37;5072.00;276.00;9395.50;0.00;855.76;0;0.00;741.89;0;0;3.78;0;2064.78;0.00;88.63;0;0;132.80;13089.57;0.00;0;0;3.80;146.00;57.40;80.05;
04/08/2026;0;44704.75;-42678.84;8083.94;6138.02;5085.00;276.00;9426.00;3.00;881.04;0;0.00;769.83;0;0.00;3.59;0;1925.84;0.00;87.23;0;0;108.10;11709.86;0.00;0;0;4.10;146.00;57.20;83.48;
04/08/2026;1;42005.77;-40355.18;6866.94;5738.88;5034.00;276.00;9431.00;3.00;894.16;0;0.00;772.46;0;0.00;3.63;0;1850.21;0.00;87.23;0;0;211.10;10628.16;0.00;0;0;5.80;146.00;57.20;80.56;
04/08/2026;2;40230.73;-38711.38;6581.33;5371.98;5014.00;276.00;9444.00;3.00;902.92;0;0.00;773.91;0;0.00;3.76;0;1813.94;0.00;87.33;0;0;139.30;9604.56;0.00;0;0;5.00;146.00;63.70;79.16;
04/08/2026;3;39074.21;-37559.96;6420.14;5287.62;5031.00;276.00;9362.50;3.00;912.23;0;0.00;775.13;0;0.00;4.04;0;1717.36;0.00;88.33;0;0;135.20;8847.06;0.00;0;0;4.90;146.00;63.70;80.57;
04/08/2026;4;37959.07;-36628.71;6206.74;5231.45;5027.00;276.00;9362.00;3.00;922.84;0;0.00;775.80;0;0.00;3.70;0;1672.46;0.00;82.52;0;0;133.90;8047.06;0.00;0;0;4.90;146.00;63.70;92.29;
04/08/2026;5;37001.06;-35983.41;6011.75;5280.80;4871.00;276.00;9362.00;3.00;930.89;0;0.00;774.03;0;0.00;3.77;0;1757.18;9.97;82.52;0;0;136.48;7286.97;0.00;0;0;5.00;146.00;63.70;173.64;
04/08/2026;6;35202.38;-35483.99;4975.95;5239.80;4882.70;276.00;9363.00;3.00;938.72;0;0.00;782.99;0;0.00;3.97;0;1563.20;413.41;87.04;0;0;220.09;6264.51;0.00;0;0;4.90;146.00;37.10;1103.28;
04/08/2026;7;34773.96;-37840.47;4067.69;5252.41;4841.29;276.00;9395.00;3.00;930.98;0;0.00;796.13;0;0.00;4.24;0;1443.50;1588.39;87.97;0;0;134.99;5780.67;0.00;0;0;5.10;146.00;20.60;4035.29;
04/08/2026;8;37134.49;-44351.01;4290.96;4949.66;4856.10;276.00;9381.00;3.70;907.79;0;0.00;821.98;0;0.00;4.54;0;1544.19;2429.58;90.32;0;0;211.20;7195.97;0.00;0;0;4.20;146.00;21.30;8234.40;
04/08/2026;9;36805.65;-47847.72;4031.10;4743.55;4879.90;276.00;9400.00;4.30;880.77;0;0.00;844.27;0;0.00;4.54;0;1482.64;2688.92;89.49;0;0;215.04;7096.83;0.00;0;0;4.20;146.00;18.10;12209.99;
04/08/2026;10;36474.22;-49621.75;3960.91;4930.36;4735.59;276.00;9108.37;5.10;852.91;0;0.00;855.39;0;0.00;4.54;0;1451.67;2807.27;84.40;0;0;137.68;7095.63;0.00;0;0;4.30;146.00;18.10;15076.23;
04/08/2026;11;36175.36;-50906.15;3945.39;5187.32;4807.09;276.00;8934.00;5.20;819.62;0;0.00;855.39;0;0.00;4.74;0;1395.03;2845.69;85.61;0;0;135.43;6710.65;0.00;0;0;4.10;146.00;18.10;16629.95;
04/08/2026;12;35679.31;-50265.06;3943.21;5359.16;4787.00;276.00;8623.00;5.30;790.41;0;0.00;856.91;0;0.00;4.74;0;1313.89;2772.49;84.52;0;0;86.45;6607.13;0.00;0;0;5.00;146.00;18.10;17123.33;
04/08/2026;13;37352.11;-51533.84;4435.86;5612.33;4786.90;276.00;9254.00;4.90;762.92;0;0.00;868.02;0;0.00;4.74;0;1314.53;2843.90;85.03;0;0;132.71;6801.27;0.00;0;0;4.90;146.00;18.10;16784.94;
04/08/2026;14;39617.46;-52719.27;4634.04;5818.14;4644.60;276.00;9253.00;4.20;743.71;0;0.00;865.09;0;0.00;4.54;0;1331.60;2797.26;85.99;0;0;134.79;8828.20;0.00;0;0;5.20;146.00;45.10;15633.86;
04/08/2026;15;41848.55;-52611.88;5160.34;6130.11;4832.30;276.00;9428.21;3.40;727.08;0;0.00;849.45;0;0.00;4.74;0;1387.15;2667.94;85.99;0;0;79.30;10012.84;0.00;0;0;5.00;146.00;52.70;13413.71;
04/08/2026;16;45092.94;-52160.76;6932.85;6502.02;4850.30;276.00;9410.00;3.00;720.12;0;0.00;832.47;0;0.00;4.03;0;1629.10;2471.36;92.17;0;0;73.59;11092.33;0.00;0;0;4.90;146.00;52.70;10117.75;
04/08/2026;17;47995.14;-51215.88;8875.74;6866.10;4948.60;276.00;9407.77;3.00;717.38;0;0.00;810.27;0;0.00;4.24;0;1634.71;1939.79;93.41;0;0;146.23;12070.80;0.00;0;0;4.90;146.00;50.20;6082.76;
04/08/2026;18;49872.28;-49575.86;9417.14;7106.64;4913.00;276.00;9397.04;3.00;685.34;0;0.00;787.75;0;0.00;4.04;0;1912.92;798.66;93.35;0;0;233.95;14043.45;0.00;0;0;5.80;146.00;48.20;2358.29;
04/08/2026;19;51351.31;-49300.50;10162.97;7347.49;4740.30;276.00;9395.99;3.00;700.00;0;0.00;776.84;0;0.00;4.04;0;2289.07;87.48;93.95;0;0;275.08;14989.70;0.00;0;0;5.80;146.00;57.60;469.74;
04/08/2026;20;52301.72;-50194.70;10423.47;7544.74;4910.00;276.00;9400.32;3.00;771.33;0;0.00;774.92;0;0.00;4.04;0;2608.82;69.36;93.49;0;0;301.36;14912.57;0.00;0;0;5.10;146.00;57.20;108.31;
04/08/2026;21;51594.46;-49410.88;10217.80;7656.14;4911.00;276.00;9298.46;3.00;798.19;0;0.00;778.21;0;0.00;4.04;0;2516.31;91.20;92.87;0;0;263.80;14479.14;0.00;0;0;5.10;146.00;57.20;103.58;
04/08/2026;22;49312.06;-47542.84;9658.05;7423.33;4989.00;276.00;9071.06;3.00;827.96;0;0.00;791.95;0;0.00;4.04;0;2142.61;0.00;92.59;0;0;185.60;13639.47;0.00;0;0;4.20;146.00;57.20;98.96;
04/08/2026;23;47368.43;-45570.94;8608.37;7008.28;4976.00;276.00;9072.29;3.00;845.69;0;0.00;790.53;0;0.00;4.04;0;1932.49;0.00;89.07;0;0;162.40;13392.87;0.00;0;0;4.20;146.00;57.20;97.05;
05/08/2026;0;44572.98;-43167.73;7620.29;6659.02;5044.60;276.00;9077.50;2.70;863.00;0;0.00;789.35;0;0.00;4.20;0;1877.56;0.00;87.39;0;0;114.50;11956.57;0.00;0;0;3.80;146.00;50.50;97.81;
05/08/2026;1;42177.51;-40767.43;7179.08;6175.72;5027.00;276.00;9077.50;2.70;875.42;0;0.00;789.97;0;0.00;4.24;0;1725.22;0.00;87.39;0;0;150.00;10605.47;0.00;0;0;5.30;146.00;50.50;97.78;
05/08/2026;2;40268.46;-38958.41;6613.18;5777.82;5073.00;276.00;9082.50;2.70;888.58;0;0.00;814.02;0;0.00;3.99;0;1657.21;0.00;85.39;0;0;129.60;9656.97;0.00;0;0;4.50;146.00;57.00;95.47;
05/08/2026;3;39117.12;-37816.27;6417.69;5558.00;5045.00;276.00;9132.50;2.70;899.89;0;0.00;818.51;0;0.00;4.24;0;1583.63;0.00;87.39;0;0;125.70;8958.47;0.00;0;0;4.40;146.00;57.00;101.49;
05/08/2026;4;38221.88;-36909.81;6304.59;5541.35;4953.00;276.00;9403.50;2.70;911.30;0;0.00;818.41;0;0.00;3.99;0;1665.58;0.00;84.99;0;0;124.30;7924.77;0.00;0;0;4.40;146.00;57.00;115.54;
05/08/2026;5;37659.73;-36314.16;6205.07;5682.77;4948.00;276.00;9403.50;2.70;916.91;0;0.00;818.01;0;0.00;3.99;0;1615.12;10.00;85.00;0;0;135.59;7349.57;0.00;0;0;4.50;146.00;57.00;187.21;
05/08/2026;6;35933.89;-35665.37;4650.25;5868.05;4835.70;276.00;9404.50;2.70;913.13;0;0.00;829.34;0;0.00;4.44;0;1421.25;398.14;81.70;0;0;136.88;6927.41;0.00;0;0;4.40;146.00;34.00;1104.83;
05/08/2026;7;35606.17;-38018.59;3979.10;5981.77;4863.09;276.00;9374.50;2.70;901.08;0;0.00;845.37;0;0.00;4.44;0;1384.73;1576.25;83.13;0;0;124.74;6028.37;0.00;0;0;4.60;146.00;30.30;4003.75;
05/08/2026;8;38073.91;-44357.39;4359.45;5785.07;4871.10;276.00;9377.50;3.10;876.05;0;0.00;867.78;0;0.00;4.29;0;1401.03;2424.78;90.77;0;0;167.70;7408.29;0.00;0;0;3.80;146.00;11.20;8165.62;
05/08/2026;9;37812.21;-47914.38;4072.15;5677.52;4788.90;276.00;9396.50;3.90;850.70;0;0.00;885.16;0;0.00;4.29;0;1415.54;2681.30;91.54;0;0;141.83;7362.88;0.00;0;0;3.80;146.00;14.20;12078.30;
05/08/2026;10;37167.03;-49671.09;3951.34;5680.13;4639.19;276.00;9256.50;4.40;801.23;0;0.00;878.21;0;0.00;4.54;0;1362.29;2816.71;83.27;0;0;83.41;7162.31;0.00;0;0;3.80;146.00;17.70;14884.68;
05/08/2026;11;37205.58;-51332.16;3909.03;5914.26;4667.30;276.00;9228.50;4.80;775.88;0;0.00;885.40;0;0.00;4.54;0;1358.92;2833.13;83.70;0;0;81.90;7014.72;0.00;0;0;3.80;146.00;17.70;16415.33;
05/08/2026;12;36654.75;-50856.21;3963.99;6139.04;4676.29;260.00;8726.60;5.10;769.34;0;0.00;871.47;0;0.00;4.54;0;1242.97;2753.89;82.47;0;0;74.84;6916.01;0.00;0;0;4.50;146.00;17.70;17034.95;
05/08/2026;13;38210.69;-52106.39;4020.20;6572.48;4885.20;260.00;9229.50;4.70;747.29;0;0.00;886.60;0;0.00;4.34;0;1324.72;2795.83;82.96;0;0;130.71;7097.26;0.00;0;0;5.20;146.00;17.70;16662.62;
05/08/2026;14;40812.34;-53264.31;4318.42;6918.41;4905.60;276.00;9228.50;3.80;728.13;0;0.00;867.47;0;0.00;4.34;0;1320.66;2798.47;88.57;0;0;130.68;9054.09;0.00;0;0;5.50;146.00;17.70;15395.00;
05/08/2026;15;43012.12;-53189.23;4765.82;7343.09;4978.60;276.00;9374.50;3.20;718.78;0;0.00;853.58;0;0.00;4.34;0;1367.63;2695.66;89.50;0;0;127.08;10222.34;0.00;0;0;5.30;146.00;40.70;13147.84;
05/08/2026;16;45967.81;-53094.51;6051.04;7651.85;4986.80;276.00;9365.50;2.70;716.08;0;0.00;833.49;0;0.00;3.89;0;1470.38;2492.02;90.63;0;0;126.57;11705.16;0.00;0;0;5.20;146.00;44.50;9883.82;
05/08/2026;17;48349.82;-51865.32;7713.93;7952.20;4990.19;276.00;9351.50;2.70;714.04;0;0.00;849.56;0;0.00;3.89;0;1553.87;1943.32;90.80;0;0;123.59;12590.43;0.00;0;0;5.30;146.00;42.50;5879.03;
05/08/2026;18;49911.89;-49846.95;8337.34;8066.89;4952.69;276.00;9424.50;2.70;723.64;0;0.00;828.57;0;0.00;3.79;0;1847.69;828.71;94.57;0;0;227.41;14095.19;0.00;0;0;5.30;146.00;50.90;2278.30;
05/08/2026;19;51517.91;-49590.99;9229.33;8144.97;5007.90;267.00;9422.50;2.70;744.84;0;0.00;813.66;0;0.00;3.79;0;2284.74;85.71;93.76;0;0;206.61;15008.60;0.00;0;0;5.30;146.00;50.50;462.92;
05/08/2026;20;52287.47;-50410.76;9292.56;8228.55;4909.60;276.00;9420.50;2.70;769.83;0;0.00;813.65;0;0.00;3.89;0;2559.63;111.34;93.19;0;0;327.46;15277.47;0.00;0;0;4.60;146.00;50.50;128.64;
05/08/2026;21;51499.95;-49590.75;9295.88;8197.63;4926.60;261.00;9435.50;2.70;796.19;0;0.00;817.38;0;0.00;3.89;0;2445.34;54.20;92.69;0;0;219.58;14750.27;0.00;0;0;4.60;146.00;50.50;113.29;
05/08/2026;22;49827.02;-47770.29;8989.52;7908.79;4911.60;266.00;9435.50;2.70;822.96;0;0.00;820.85;0;0.00;3.89;0;2015.98;0.00;92.66;0;0;189.50;14166.77;0.00;0;0;3.80;146.00;50.50;107.41;
05/08/2026;23;48063.20;-45814.05;8396.83;7414.83;4903.00;264.00;9435.50;2.70;838.49;0;0.00;816.98;0;0.00;3.89;0;1886.67;0.00;88.96;0;0;179.08;13631.97;0.00;0;0;3.80;146.00;50.50;104.07;
06/08/2026;0;45351.36;-44032.58;7663.18;6887.26;5028.00;239.00;9395.50;0.80;854.00;0;0.00;814.02;0;0.00;3.99;0;1830.83;0.00;88.51;0;0;242.40;12103.47;0.00;0;0;3.80;146.00;50.60;104.81;
06/08/2026;1;42997.21;-41716.19;6820.07;6569.64;5086.60;239.00;9398.50;0.80;864.42;0;0.00;815.70;0;0.00;4.19;0;1739.60;0.00;88.52;0;0;155.10;11012.97;0.00;0;0;5.50;146.00;50.60;105.93;
06/08/2026;2;41141.23;-40055.87;6281.77;6343.16;5112.00;239.00;9403.50;0.80;872.38;0;0.00;800.25;0;0.00;4.24;0;1640.65;0.00;88.61;0;0;140.40;10006.47;0.00;0;0;4.90;146.00;57.10;105.31;
06/08/2026;3;39927.99;-38998.99;6173.67;6410.07;5112.00;239.00;9400.50;0.80;882.49;0;0.00;800.91;0;0.00;4.24;0;1392.92;0.00;88.62;0;0;84.70;9130.17;0.00;0;0;4.80;146.00;57.10;110.68;
06/08/2026;4;38783.44;-38016.22;5799.73;6478.53;5136.00;239.00;9400.50;0.80;883.10;0;0.00;799.01;0;0.00;4.24;0;1466.31;0.00;87.22;0;0;156.23;8124.77;0.00;0;0;4.90;146.00;57.10;121.88;
06/08/2026;5;37974.70;-37429.15;5347.77;6558.27;5138.00;239.00;9400.50;0.80;889.21;0;0.00;790.84;0;0.00;4.24;0;1486.34;10.57;87.22;0;0;160.77;7653.17;0.00;0;0;4.90;146.00;57.10;192.07;
06/08/2026;6;36440.30;-36673.34;4101.97;6732.75;5120.70;239.00;9404.50;0.80;893.18;0;0.00;813.86;0;0.00;4.44;0;1349.60;389.33;82.83;0;0;144.15;6976.99;0.00;0;0;5.70;146.00;34.50;1047.87;
06/08/2026;7;36436.73;-38900.42;3895.01;6425.20;5028.69;239.00;9244.50;0.80;889.04;0;0.00;813.00;0;0.00;4.44;0;1338.50;1556.21;84.25;0;0;143.15;6603.04;0.00;0;0;5.90;146.00;20.00;3749.72;
06/08/2026;8;38608.62;-45074.71;4258.16;6073.57;5128.10;239.00;9376.50;0.80;868.75;0;0.00;838.68;0;1.00;4.74;0;1457.52;2429.36;93.09;0;0;148.91;7525.34;0.00;0;0;4.80;146.00;14.30;7556.81;
06/08/2026;9;38481.62;-48545.45;4112.16;5845.51;5140.00;239.00;9396.50;1.50;848.99;0;0.00;872.95;0;1.00;4.74;0;1443.49;2670.57;93.78;0;0;152.48;7483.35;0.00;0;0;4.80;146.00;24.80;11243.08;
06/08/2026;10;37600.65;-50556.99;3907.53;5895.87;4949.39;239.00;9274.29;2.00;816.03;0;0.00;884.00;0;1.00;4.54;0;1399.28;2805.60;88.38;0;0;85.70;7071.44;0.00;0;0;4.80;146.00;25.80;13885.93;
06/08/2026;11;37860.71;-52141.48;3911.76;6080.08;5018.70;239.00;9359.46;2.40;791.47;0;0.00;931.32;0;1.00;4.54;0;1383.45;2849.73;88.76;0;0;64.46;6966.08;0.00;0;0;4.70;146.00;17.80;15380.22;
06/08/2026;12;37080.82;-51781.85;3949.13;6122.30;4837.70;239.00;8884.20;2.70;762.54;0;0.00;930.08;0;1.40;4.54;0;1330.17;2810.46;87.56;0;0;38.41;6912.13;0.00;0;0;4.70;146.00;17.80;15938.60;
06/08/2026;13;38702.25;-52861.15;4402.68;6322.00;5069.69;239.00;9365.50;2.30;744.09;0;0.00;926.54;0;1.40;4.54;0;1350.89;2852.03;87.50;0;0;101.72;7063.27;0.00;0;0;5.30;146.00;17.80;15574.20;
06/08/2026;14;41527.51;-53952.06;4640.90;6606.28;5040.00;239.00;9364.50;1.40;725.03;0;0.00;923.31;0;1.40;4.54;0;1405.44;2813.66;91.88;0;0;148.90;9316.97;0.00;0;0;5.50;146.00;52.80;14346.67;
06/08/2026;15;43824.66;-53971.04;5239.26;6857.14;5092.90;239.00;9409.50;0.80;707.30;0;0.00;909.75;0;1.40;4.54;0;1468.14;2714.96;91.02;0;0;143.44;10753.41;0.00;0;0;5.30;146.00;40.80;12238.04;
06/08/2026;16;46642.71;-53680.47;6907.07;7144.02;5111.20;239.00;9400.50;0.80;707.48;0;0.00;901.54;0;1.40;4.24;0;1551.76;2508.93;92.61;0;0;150.80;11723.06;0.00;0;0;5.20;146.00;47.10;9123.54;
06/08/2026;17;49064.98;-52599.90;8477.87;7306.42;5208.59;210.00;9386.50;0.80;708.74;0;0.00;894.43;0;1.40;4.24;0;1781.37;1915.85;93.11;0;0;162.61;12717.15;0.00;0;0;5.30;146.00;44.60;5398.46;
06/08/2026;18;50554.88;-50616.37;9267.76;7247.33;5213.30;210.00;9439.50;0.80;720.74;0;0.00;847.86;0;1.40;4.14;0;1937.19;811.74;93.32;0;0;124.30;14441.50;0.00;0;0;5.40;146.00;42.60;2041.81;
06/08/2026;19;51434.27;-50183.14;10008.67;7094.04;5275.60;239.00;9437.50;0.80;740.34;0;0.00;851.32;0;1.40;4.14;0;2202.84;79.66;92.74;0;0;200.21;15003.71;0.00;0;0;5.30;146.00;51.00;396.35;
06/08/2026;20;52236.55;-50958.12;10294.71;6888.98;5450.00;239.00;9437.50;0.80;761.77;0;0.00;855.06;0;1.40;4.14;0;2504.47;104.83;92.02;0;0;289.80;15110.67;0.00;0;0;4.80;146.00;50.60;107.78;
06/08/2026;21;51576.33;-50115.93;10178.40;6688.80;5272.00;239.00;9443.50;0.80;788.19;0;0.00;837.59;0;1.40;4.14;0;2418.32;49.70;91.82;0;0;233.00;15128.17;0.00;0;0;4.90;146.00;50.60;97.17;
06/08/2026;22;49915.84;-48350.46;10006.20;6335.39;5319.00;239.00;9443.50;0.80;810.26;0;0.00;851.11;0;1.40;4.24;0;2103.00;0.00;91.77;0;0;220.80;14287.97;0.00;0;0;4.80;146.00;50.60;95.87;
06/08/2026;23;47991.98;-46512.68;9091.87;5788.54;5380.00;239.00;9443.50;0.80;828.26;0;0.00;837.99;0;1.40;4.24;0;1877.75;0.00;87.36;0;0;171.40;14038.47;0.00;0;0;4.80;146.00;50.60;91.71;
07/08/2026;0;45465.91;-43539.70;8423.83;5327.16;5360.00;239.00;9433.50;0.60;852.20;0;0.00;847.95;0;0.00;4.34;0;1761.15;0.00;86.60;0;0;46.30;12851.38;0.00;0;0;5.00;146.00;80.90;96.09;
07/08/2026;1;42982.40;-41068.74;7730.63;5008.61;5365.00;239.00;9433.50;0.60;861.02;0;0.00;848.12;0;0.00;4.34;0;1658.28;0.00;86.72;0;0;89.50;11424.28;0.00;0;0;5.90;146.00;80.90;95.36;
07/08/2026;2;41199.72;-39301.38;7148.82;4852.61;5349.00;239.00;9438.50;0.60;875.28;0;0.00;851.07;0;0.00;4.34;0;1545.70;0.00;86.72;0;0;149.90;10418.88;0.00;0;0;5.90;146.00;87.40;93.77;
07/08/2026;3;39908.74;-38174.80;6874.62;4830.65;5338.00;239.00;9440.00;0.60;887.29;0;0.00;848.62;0;0.00;4.34;0;1439.92;0.00;86.72;0;0;146.70;9533.08;0.00;0;0;5.80;146.00;87.40;96.86;
07/08/2026;4;38730.12;-37219.73;6315.02;4890.93;5370.20;229.00;9438.50;0.60;898.00;0;0.00;843.17;0;0.00;4.34;0;1449.91;0.00;85.47;0;0;149.10;8816.68;0.00;0;0;5.80;146.00;87.40;106.60;
07/08/2026;5;37961.34;-36607.35;6184.11;4902.08;5357.00;239.00;9438.50;0.60;907.31;0;0.00;843.59;0;0.00;4.34;0;1421.90;8.59;85.47;0;0;148.17;8181.38;0.00;0;0;5.90;146.00;87.40;178.57;
07/08/2026;6;36390.12;-36018.75;5472.90;4859.18;5356.80;239.00;9439.50;0.60;910.95;0;0.00;854.60;0;0.00;4.54;0;1342.67;370.75;81.06;0;0;141.97;7115.10;0.00;0;0;1.80;146.00;52.70;1037.03;
07/08/2026;7;36014.28;-38417.80;4840.36;4839.05;5344.69;239.00;9376.00;0.70;905.35;0;0.00;869.64;0;0.00;4.44;0;1339.44;1513.40;81.99;0;0;129.23;6332.69;0.00;0;0;2.00;146.00;50.30;3821.75;
07/08/2026;8;38442.26;-44915.17;5339.36;4757.16;5317.90;239.00;9378.50;1.50;885.81;0;0.00;901.84;0;0.00;4.74;0;1446.08;2396.63;91.95;0;0;82.40;7408.49;0.00;0;0;0.30;146.00;44.60;7851.51;
07/08/2026;9;38361.11;-48374.21;5307.22;4595.68;5246.00;239.00;9397.50;2.30;856.79;0;0.00;925.39;0;0.00;4.74;0;1409.68;2659.70;89.71;0;0;87.89;7345.11;0.00;0;0;0.30;146.00;48.10;11746.12;
07/08/2026;10;37757.28;-50356.07;5004.61;4527.37;5193.59;239.00;9406.50;2.80;824.97;0;0.00;935.07;0;0.00;4.54;0;1375.72;2791.27;84.58;0;0;140.50;7032.36;0.00;0;0;0.30;146.00;48.10;14687.06;
07/08/2026;11;37449.49;-51841.21;4770.08;4561.44;5206.30;239.00;9408.50;3.20;795.18;0;0.00;942.99;0;0.00;4.54;0;1370.93;2836.78;84.84;0;0;127.13;6904.28;0.00;0;0;0.20;146.00;48.10;16323.03;
07/08/2026;12;35996.67;-50910.57;4166.25;4820.25;4846.09;239.00;8946.50;3.50;767.48;0;0.00;946.72;0;0.00;4.74;0;1284.52;2802.16;80.94;0;0;40.14;6849.48;0.00;0;0;4.80;146.00;48.10;16876.17;
07/08/2026;13;36914.03;-51247.93;4213.06;5055.39;4941.60;239.00;9404.06;3.10;745.93;0;0.00;940.85;0;0.00;4.74;0;1297.75;2827.72;81.17;0;0;29.58;6931.28;0.00;0;0;4.70;146.00;48.10;16504.91;
07/08/2026;14;40523.95;-53512.12;5296.65;5276.01;5134.69;239.00;9343.50;2.20;723.17;0;0.00;920.18;0;0.00;4.54;0;1361.71;2796.48;80.99;0;0;138.17;9007.56;0.00;0;0;5.00;146.00;48.10;15134.74;
07/08/2026;15;43107.12;-53599.54;6278.37;5614.75;5216.90;239.00;9205.50;1.60;709.84;0;0.00;882.63;0;0.00;4.74;0;1440.37;2673.88;86.61;0;0;133.13;10397.90;0.00;0;0;4.80;146.00;71.10;12801.07;
07/08/2026;16;45923.23;-53279.01;7440.57;5886.64;5245.90;239.00;9166.50;0.60;708.92;0;0.00;865.73;0;0.00;4.24;0;1516.74;2460.15;89.29;0;0;135.01;11935.84;0.00;0;0;4.70;146.00;77.40;9514.63;
07/08/2026;17;48211.34;-51867.82;9783.67;5943.89;5248.10;239.00;9082.50;0.60;709.84;0;0.00;850.10;0;0.00;4.34;0;1632.75;1822.04;92.93;0;0;169.49;12406.89;0.00;0;0;4.80;146.00;74.40;5544.51;
07/08/2026;18;49279.08;-49770.60;10170.93;5893.51;5251.60;239.00;8764.50;0.60;724.04;0;0.00;830.96;0;0.00;4.14;0;1885.78;732.86;93.39;0;0;188.90;14276.27;0.00;0;0;5.70;146.00;70.90;2106.03;
07/08/2026;19;50516.54;-49193.64;10518.83;5828.39;5305.10;239.00;8762.50;0.60;743.40;0;0.00;819.09;0;0.00;4.14;0;2246.12;65.26;92.77;0;0;170.71;15499.33;0.00;0;0;5.60;146.00;69.70;387.79;
07/08/2026;20;51091.46;-50088.20;10398.77;5777.01;5392.00;239.00;8762.50;0.60;766.29;0;0.00;821.78;0;0.00;4.14;0;2527.16;112.80;92.23;0;0;194.10;15771.28;0.00;0;0;4.90;146.00;80.90;86.14;
07/08/2026;21;50563.69;-49261.86;10433.22;5381.62;5327.00;239.00;8813.50;0.60;794.45;0;0.00;825.07;0;0.00;4.14;0;2397.91;86.70;91.55;0;0;246.00;15691.03;0.00;0;0;5.00;146.00;80.90;79.46;
07/08/2026;22;48480.30;-47511.60;10243.79;5045.78;5324.00;239.00;8813.50;0.60;813.82;0;0.00;825.79;0;0.00;4.24;0;2083.45;0.00;91.55;0;0;214.40;14549.38;0.00;0;0;4.10;146.00;80.90;79.79;
07/08/2026;23;47255.41;-45578.42;10101.46;4683.13;5320.00;239.00;8813.50;0.60;834.05;0;0.00;808.80;0;0.00;4.24;0;1910.03;0.00;91.07;0;0;187.20;14031.43;0.00;0;0;4.00;146.00;80.90;79.76;
08/08/2026;0;44579.31;-43269.92;9188.70;4475.30;5284.60;239.00;8769.50;2.20;855.60;0;0.00;802.84;0;1.40;4.14;0;1818.55;0.00;86.70;0;0;114.70;12703.78;0.00;0;0;4.20;146.00;82.10;81.30;
08/08/2026;1;42172.15;-40815.67;8223.59;4181.66;5278.60;239.00;8769.50;2.20;866.42;0;0.00;819.80;0;1.40;4.14;0;1694.76;0.00;86.70;0;0;151.40;11618.98;0.00;0;0;5.90;146.00;82.10;81.77;
08/08/2026;2;40452.68;-39001.90;7477.19;4177.62;5273.60;239.00;8774.50;2.20;884.98;0;0.00;809.40;0;1.40;4.14;0;1660.92;0.00;86.70;0;0;144.30;10677.03;0.00;0;0;5.10;146.00;88.60;83.38;
08/08/2026;3;39020.97;-37797.02;6597.09;4266.48;5215.60;239.00;8774.50;2.20;896.89;0;0.00;811.25;0;1.40;4.14;0;1448.89;0.00;86.80;0;0;88.40;10348.73;0.00;0;0;5.00;146.00;88.60;85.91;
08/08/2026;4;37843.05;-36793.78;5984.29;4467.97;5274.10;239.00;8774.50;2.20;909.04;0;0.00;810.17;0;1.40;4.14;0;1440.61;0.01;85.39;0;0;130.80;9479.73;0.00;0;0;5.10;146.00;88.60;98.29;
08/08/2026;5;37081.49;-36153.90;6119.85;4675.34;5211.60;239.00;8774.50;2.20;916.15;0;0.00;810.79;0;1.40;4.14;0;1479.59;7.25;85.38;0;0;91.47;8423.13;0.00;0;0;5.10;146.00;88.60;170.50;
08/08/2026;6;35184.50;-35176.08;4956.75;4847.12;5237.60;231.00;8775.50;2.20;921.18;0;0.00;818.61;0;1.40;4.34;0;1404.68;357.53;86.46;0;0;74.17;7260.96;0.00;0;0;5.10;146.00;53.90;999.00;
08/08/2026;7;33466.32;-36312.47;2883.01;5017.99;5010.00;239.00;8571.60;2.40;916.14;0;0.00;841.94;0;1.40;4.34;0;1280.74;1483.31;87.19;0;0;146.24;6778.32;0.00;0;0;5.20;146.00;51.50;3799.84;
08/08/2026;8;34295.19;-41018.44;2528.75;4845.15;5015.00;231.00;8094.50;3.20;891.91;0;0.00;871.74;0;1.40;4.64;0;1347.17;2352.69;89.29;0;0;125.32;7697.33;0.00;0;0;4.30;146.00;45.80;8025.42;
08/08/2026;9;33805.44;-44312.40;2527.32;4739.17;5073.60;231.00;7561.20;4.00;867.20;0;0.00;883.69;0;1.40;4.64;0;1281.48;2630.09;90.31;0;0;149.95;7560.79;0.00;0;0;4.30;146.00;49.30;12009.15;
08/08/2026;10;32961.92;-46701.65;2525.64;5010.14;5104.60;239.00;6297.50;4.70;834.62;0;0.00;897.95;0;1.40;4.64;0;1316.63;2755.07;84.65;0;0;148.48;7537.20;0.00;0;0;4.40;146.00;49.30;14869.88;
08/08/2026;11;32732.85;-48367.33;2437.02;5250.46;5136.29;239.00;6004.50;5.00;798.67;0;0.00;904.23;0;1.40;4.64;0;1299.78;2808.72;81.05;0;0;108.73;7453.86;0.00;0;0;4.20;146.00;49.30;16429.52;
08/08/2026;12;32818.78;-48204.69;2447.00;5676.82;5117.00;239.00;5658.90;5.10;766.34;0;0.00;900.61;0;1.40;4.64;0;1234.63;2780.46;79.55;0;0;34.57;7672.36;0.00;0;0;5.10;146.00;49.30;16921.00;
08/08/2026;13;33827.13;-49227.98;2447.76;6153.32;5075.20;239.00;6262.50;4.70;749.19;0;0.00;914.06;0;1.40;4.64;0;1244.87;2799.00;82.86;0;0;27.04;7621.29;0.00;0;0;5.00;146.00;49.30;16564.70;
08/08/2026;14;35924.59;-49649.05;2617.69;6755.40;5066.90;239.00;6869.00;4.00;727.21;0;0.00;906.76;0;1.40;4.64;0;1265.26;2741.46;83.21;0;0;96.57;8345.49;0.00;0;0;5.30;146.00;49.30;15276.71;
08/08/2026;15;37766.10;-49094.08;2753.49;7251.13;5108.50;239.00;7643.50;3.20;711.59;0;0.00;899.76;0;1.40;4.64;0;1263.81;2658.31;85.44;0;0;136.51;8782.42;0.00;0;0;5.10;146.00;72.30;13047.83;
08/08/2026;16;40381.36;-48572.03;3276.72;7609.55;5295.40;239.00;8364.50;2.20;701.68;0;0.00;886.48;0;1.40;4.34;0;1334.08;2394.57;92.51;0;0;139.86;9809.47;0.00;0;0;5.00;146.00;78.60;9713.12;
08/08/2026;17;44334.05;-47887.78;5179.52;7927.97;5400.70;239.00;8614.50;2.20;700.63;0;0.00;838.70;0;1.40;4.34;0;1426.42;1723.32;91.69;0;0;111.72;11845.34;0.00;0;0;5.00;146.00;75.60;5716.88;
08/08/2026;18;47315.93;-47327.69;6850.01;8052.27;5432.60;239.00;8764.50;2.20;714.34;0;0.00;815.03;0;1.40;4.14;0;1652.90;696.50;92.19;0;0;125.32;13649.53;0.00;0;0;5.90;146.00;72.10;2141.44;
08/08/2026;19;49306.36;-47348.80;8290.92;8064.81;5436.00;239.00;8762.50;2.20;734.00;0;0.00;802.86;0;1.40;4.14;0;2149.79;68.46;91.78;0;0;233.29;14202.41;0.00;0;0;5.90;146.00;70.90;391.39;
08/08/2026;20;50149.52;-48168.43;8342.19;8019.18;5532.00;239.00;8762.50;2.20;756.39;0;0.00;807.35;0;1.40;4.14;0;2427.98;112.80;88.88;0;0;249.88;14569.88;0.00;0;0;5.65;146.00;82.10;105.83;
08/08/2026;21;49419.22;-47409.21;8243.61;8088.41;5539.00;239.00;8762.50;2.20;773.77;0;0.00;804.70;0;1.40;4.14;0;2276.41;59.70;88.20;0;0;251.80;14050.98;0.00;0;0;5.30;146.00;82.10;99.93;
08/08/2026;22;47631.37;-45777.54;7735.98;8087.85;5544.00;239.00;8762.50;2.20;798.62;0;0.00;818.76;0;1.40;4.14;0;1914.19;0.00;88.15;0;0;208.90;13193.28;0.00;0;0;4.30;146.00;82.10;101.30;
08/08/2026;23;46243.83;-43833.26;6663.52;8108.05;5535.00;239.00;8762.50;2.20;814.15;0;0.00;797.81;0;1.40;4.14;0;1811.63;0.00;86.85;0;0;188.40;12996.78;0.00;0;0;4.30;146.00;82.10;98.94;
09/08/2026;0;43705.31;-41187.59;4707.50;8190.13;5442.00;239.00;8757.50;0.00;831.60;0;0.00;783.05;0;1.40;4.24;0;1851.92;0.00;85.40;0;0;161.30;12417.97;0.00;0;0;4.20;146.00;82.10;93.98;
09/08/2026;1;41482.92;-38919.52;3520.50;8384.51;5428.00;239.00;8757.50;0.00;844.92;0;0.00;781.70;0;1.40;4.24;0;1788.39;0.00;84.10;0;0;152.80;11261.86;0.00;0;0;5.90;146.00;82.10;94.08;
09/08/2026;2;39367.20;-36976.46;2445.59;8520.73;5404.00;239.00;8762.50;0.00;860.48;0;0.00;783.31;0;1.40;4.24;0;1571.60;0.00;85.39;0;0;194.10;10255.16;0.00;0;0;5.10;146.00;88.60;97.27;
09/08/2026;3;38236.72;-35645.36;1865.20;8562.65;5376.00;239.00;8578.50;0.00;877.73;0;0.00;790.20;0;1.40;4.24;0;1484.44;0.00;87.80;0;0;211.20;9918.56;0.00;0;0;5.20;146.00;88.60;106.36;
09/08/2026;4;37346.58;-34558.10;1745.24;8795.69;5312.00;239.00;8458.50;0.00;889.34;0;0.00;799.23;0;1.40;4.24;0;1483.83;0.00;86.45;0;0;197.70;9117.16;0.00;0;0;5.20;146.00;65.60;118.48;
09/08/2026;5;36143.13;-33688.97;1745.74;8810.72;5308.00;239.00;8458.50;0.00;896.25;0;0.00;806.05;0;1.40;4.24;0;1451.26;5.50;86.45;0;0;209.35;7908.07;0.00;0;0;5.10;146.00;61.50;201.74;
09/08/2026;6;33686.15;-32409.04;1746.03;8804.55;5185.00;239.00;7001.30;0.00;901.68;0;0.00;814.40;0;1.40;4.44;0;1444.08;320.77;87.54;0;0;208.46;6728.90;0.00;0;0;5.00;146.00;47.60;1062.09;
09/08/2026;7;30795.55;-32697.88;1260.19;8622.87;4653.80;239.00;4544.90;0.20;896.44;0;0.00;834.42;0;1.40;4.44;0;1258.90;1355.64;82.92;0;0;32.97;6807.26;0.00;0;0;5.40;146.00;48.80;3966.72;
09/08/2026;8;29041.96;-35320.17;1253.67;7827.22;4535.10;239.00;4179.50;1.00;872.71;0;0.00;849.40;0;1.40;3.80;0;970.83;2152.97;83.91;0;0;81.73;5793.62;0.00;0;0;4.30;146.00;45.80;8366.48;
09/08/2026;9;27346.57;-37689.62;1271.29;7774.06;4461.00;239.00;3943.50;1.80;848.79;0;0.00;882.44;0;1.40;3.80;0;844.35;2337.79;84.63;0;0;86.65;4366.47;0.00;0;0;4.30;146.00;49.30;12463.66;
09/08/2026;10;26946.75;-40152.38;1279.39;7652.26;4457.90;239.00;3886.50;2.50;821.62;0;0.00;892.28;0;1.40;3.80;0;741.37;2331.33;83.70;0;0;86.21;4267.79;0.00;0;0;4.40;146.00;49.30;15263.46;
09/08/2026;11;27417.62;-42057.55;1283.61;7924.19;4417.00;239.00;3837.50;3.00;795.28;0;0.00;899.96;0;1.40;3.80;0;724.89;2383.33;85.42;0;0;155.21;4464.53;0.00;0;0;4.20;146.00;49.30;16751.98;
09/08/2026;12;27713.97;-42650.09;1281.29;8315.36;4430.00;119.00;3884.50;3.00;764.44;0;0.00;902.85;0;1.40;3.80;0;721.81;2387.77;84.31;0;0;87.28;4526.76;0.00;0;0;5.10;146.00;49.30;17187.11;
09/08/2026;13;28979.93;-43721.90;1283.55;8552.54;4460.10;119.00;3884.50;2.30;739.99;0;0.00;904.34;0;1.40;3.80;0;726.76;2345.63;84.27;0;0;86.22;5584.43;0.00;0;0;5.80;146.00;49.30;16856.14;
09/08/2026;14;31013.17;-44204.96;1280.46;8496.72;4483.80;119.00;3836.50;1.80;715.67;0;0.00;900.03;0;1.40;3.80;0;701.81;2322.73;84.05;0;0;132.13;7736.17;0.00;0;0;6.10;146.00;45.00;15523.03;
09/08/2026;15;32976.73;-44132.71;1249.47;9382.25;4498.80;119.00;3906.50;1.00;704.33;0;0.00;886.33;0;1.40;3.80;0;952.68;2451.69;80.88;0;0;151.70;8391.50;0.00;0;0;5.90;146.00;43.50;13245.95;
09/08/2026;16;35857.72;-44095.23;1276.34;10071.26;4546.70;119.00;4122.50;0.00;694.81;0;0.00;872.74;0;1.40;3.30;0;1310.10;2297.40;80.61;0;0;176.74;10089.52;0.00;0;0;5.80;146.00;43.50;9976.97;
09/08/2026;17;39998.11;-43852.28;1605.03;10562.49;4588.10;119.00;6382.10;0.00;693.38;0;0.00;864.34;0;1.40;4.17;0;1342.39;1631.77;94.19;0;0;163.92;11752.43;0.00;0;0;5.90;146.00;41.50;5979.92;
09/08/2026;18;43660.55;-43750.76;2709.07;10642.50;4902.70;119.00;8419.50;0.00;702.98;0;0.00;823.92;0;1.40;4.14;0;1430.67;684.99;94.66;0;0;235.77;12675.85;0.00;0;0;5.90;146.00;61.50;2315.46;
09/08/2026;19;46241.68;-44082.78;4098.59;10553.22;4992.10;119.00;8577.50;0.00;719.24;0;0.00;812.63;0;1.40;3.99;0;2026.08;58.74;94.07;0;0;289.60;13676.32;0.00;0;0;5.90;146.00;67.30;451.54;
09/08/2026;20;47520.38;-45356.93;4346.45;10527.35;5002.00;119.00;8577.50;0.00;743.63;0;0.00;812.56;0;1.40;3.99;0;2361.06;95.41;93.34;0;0;309.40;14293.69;0.00;0;0;5.20;146.00;82.40;141.05;
09/08/2026;21;47301.43;-44886.55;4462.44;10447.82;5010.00;119.00;8722.50;0.00;766.09;0;0.00;815.64;0;1.40;4.14;0;2305.64;54.62;92.63;0;0;290.70;13975.89;0.00;0;0;4.82;146.00;82.10;128.32;
09/08/2026;22;45664.42;-43498.36;4154.40;10194.69;5020.00;119.00;8722.50;0.00;791.82;0;0.00;817.07;0;1.40;4.14;0;2087.56;0.00;92.65;0;0;281.90;13144.89;0.00;0;0;4.30;146.00;82.10;125.38;
09/08/2026;23;44215.70;-41999.67;3300.90;10020.30;5003.00;119.00;8722.50;0.00;811.35;0;0.00;812.08;0;1.40;4.14;0;1894.79;0.00;92.65;0;0;196.60;13004.59;0.00;0;0;4.30;146.00;82.10;123.18;
10/08/2026;0;42541.74;-40708.88;2384.06;9732.74;4845.60;119.00;8613.50;0.60;823.20;0;0.00;801.61;0;0;4.24;0;1866.34;0.00;92.38;0;0;254.80;12770.97;0.00;0;0;4.50;146.00;82.20;127.32;
10/08/2026;1;40316.15;-38383.09;2007.53;9587.91;4823.60;119.00;8468.50;0.60;830.82;0;0.00;801.19;0;0;4.24;0;1643.32;0.00;88.37;0;0;256.80;11451.07;0.00;0;0;5.00;146.00;82.20;129.19;
10/08/2026;2;38609.02;-36627.21;1981.94;9410.19;4558.60;119.00;8167.50;0.60;846.48;0;0.00;803.47;0;0;4.24;0;1468.45;0.00;88.38;0;0;215.30;10728.67;0.00;0;0;4.50;146.00;65.70;127.74;
10/08/2026;3;37213.15;-35532.51;2007.05;9371.83;4564.60;119.00;7352.00;0.60;858.07;0;0.00;804.57;0;0;4.24;0;1473.14;0.00;89.68;0;0;182.10;10174.17;0.00;0;0;4.50;146.00;61.60;131.06;
10/08/2026;4;36420.08;-34631.14;1991.95;9337.12;4561.60;119.00;7252.50;0.60;869.28;0;0.00;801.21;0;0;4.24;0;1464.70;0.12;88.38;0;0;205.31;9514.17;0.00;0;0;4.50;146.00;59.40;141.63;
10/08/2026;5;35645.03;-34082.94;1993.71;9167.74;4570.00;119.00;7366.50;0.60;876.20;0;0.00;800.96;0;0;4.24;0;1461.45;7.27;88.38;0;0;205.11;8773.97;0.00;0;0;4.50;146.00;59.40;213.39;
10/08/2026;6;34320.90;-33686.70;1997.83;9192.61;4582.40;179.00;7043.70;0.60;879.98;0;0.00;810.71;0;0;4.44;0;1446.41;303.62;83.96;0;0;221.34;7376.10;0.00;0;0;4.50;146.00;47.70;1022.85;
10/08/2026;7;34475.03;-36408.26;1995.76;8971.33;4570.50;239.00;6089.10;0.80;875.74;0;0.00;827.52;0;0;4.44;0;1407.54;1390.14;84.89;0;0;161.72;7657.15;0.00;0;0;4.50;146.00;48.90;3707.77;
10/08/2026;8;37508.86;-43589.42;2079.50;8820.54;4564.30;239.00;7383.70;1.60;858.71;0;0.00;863.86;0;0;4.74;0;1464.94;2309.79;93.87;0;0;221.91;8406.25;0.00;0;0;4.25;146.00;45.90;7792.28;
10/08/2026;9;37985.20;-47624.51;2071.75;8736.27;4568.50;239.00;7512.50;2.40;831.59;0;0.00;892.43;0;0;4.74;0;1449.30;2618.58;94.98;0;0;235.63;8527.94;0.00;0;0;4.25;146.00;48.90;11737.78;
10/08/2026;10;37455.38;-49874.65;2069.67;8846.30;4768.79;239.00;6866.40;3.10;810.33;0;0.00;899.37;0;0;4.74;0;1323.97;2763.82;89.82;0;0;222.28;8347.70;0.00;0;0;4.25;146.00;49.40;14575.83;
10/08/2026;11;37904.85;-51611.56;2376.61;8814.84;4790.59;239.00;7550.80;3.60;790.72;0;0.00;906.81;0;0;4.74;0;1366.30;2835.44;90.15;0;0;126.59;7808.82;0.00;0;0;4.00;146.00;49.40;16074.33;
10/08/2026;12;36850.25;-51111.22;2352.44;8892.76;4676.10;239.00;7284.90;3.60;761.73;0;0.00;906.18;0;0;4.74;0;1240.23;2796.05;88.17;0;0;42.65;7361.86;0.00;0;0;4.00;146.00;49.40;16513.09;
10/08/2026;13;38404.25;-52500.70;2361.90;9055.96;4862.00;239.00;8223.00;2.90;735.74;0;0.00;905.12;0;0;4.67;0;1256.60;2789.85;93.09;0;0;84.39;7589.79;0.00;0;0;4.40;146.00;49.40;16046.08;
10/08/2026;14;40951.10;-53664.54;3068.91;9316.18;4885.79;239.00;8625.50;2.40;713.52;0;0.00;901.97;0;0;4.39;0;1393.46;2726.65;93.42;0;0;189.96;8589.51;0.00;0;0;4.60;146.00;49.40;14697.55;
10/08/2026;15;43459.42;-53747.58;3348.77;9517.01;4713.90;239.00;8768.00;1.60;702.29;0;0.00;893.93;0;0;4.74;0;1360.86;2553.15;92.22;0;0;153.49;10911.62;0.00;0;0;4.50;146.00;47.90;12448.48;
10/08/2026;16;46484.63;-53064.62;4851.22;9651.16;4733.30;239.00;8759.50;0.60;693.88;0;0.00;878.04;0;0;3.89;0;1490.75;2306.79;95.71;0;0;150.15;12409.34;0.00;0;0;4.40;146.00;70.90;9270.99;
10/08/2026;17;49324.98;-51875.27;6929.88;9741.65;4566.10;239.00;8720.50;0.60;690.74;0;0.00;842.86;0;0;3.79;0;1663.11;1712.79;94.66;0;0;155.18;13739.42;0.00;0;0;4.50;146.00;74.20;5453.12;
10/08/2026;18;50253.35;-49986.62;8021.87;9759.12;4692.30;239.00;8777.50;0.60;696.74;0;0.00;808.26;0;0;3.69;0;1782.79;671.37;94.48;0;0;114.79;14368.14;0.00;0;0;4.50;146.00;72.20;2102.57;
10/08/2026;19;51548.44;-49599.33;8585.08;9784.40;4729.70;239.00;8912.60;0.60;717.80;0;0.00;805.04;0;0;4.14;0;2124.91;58.62;94.82;0;0;244.27;15025.51;0.00;0;0;4.75;146.00;71.20;417.34;
10/08/2026;20;52589.11;-50281.81;8834.27;9804.45;4848.00;239.00;9015.20;0.60;742.59;0;0.00;804.73;0;0;3.93;0;2437.45;78.80;95.46;0;0;255.86;15196.07;0.00;0;0;4.50;146.00;82.20;133.30;
10/08/2026;21;51743.12;-49412.68;8338.23;9651.61;4897.00;239.00;8962.20;0.60;765.70;0;0.00;805.45;0;0;3.88;0;2362.45;32.70;94.27;0;0;246.66;15110.67;0.00;0;0;4.50;146.00;82.20;127.24;
10/08/2026;22;49964.75;-47503.45;8084.18;9362.13;4931.00;239.00;8957.00;0.60;788.52;0;0.00;805.35;0;0;3.69;0;1980.81;0.00;93.80;0;0;209.60;14276.37;0.00;0;0;4.50;146.00;82.20;123.69;
10/08/2026;23;48010.12;-45530.74;7253.13;8943.96;4933.00;239.00;8820.50;0.60;807.75;0;0.00;804.88;0;0;3.69;0;1850.91;0.00;92.93;0;0;125.50;13901.57;0.00;0;0;4.50;146.00;82.20;119.18;
11/08/2026;0;45046.66;-43621.45;5453.81;8526.05;4850.00;239.00;9253.50;2.00;825.75;0;0.00;806.68;0;0;4.33;0;1798.43;0.00;90.34;0;0;233.00;12731.07;0.00;0;0;4.40;146.00;82.30;111.77;
11/08/2026;1;42809.45;-41312.84;4882.80;8058.60;4822.00;239.00;9258.50;2.00;835.35;0;0.00;808.47;0;0;4.54;0;1629.92;0.00;87.90;0;0;159.70;11786.17;0.00;0;0;6.20;146.00;82.30;108.36;
11/08/2026;2;41007.77;-39540.48;4467.89;7556.53;4819.00;239.00;9258.50;2.00;845.91;0;0.00;796.98;0;0;4.54;0;1561.11;0.00;88.24;0;0;91.90;11036.07;0.00;0;0;5.30;146.00;88.80;106.63;
11/08/2026;3;39895.07;-38383.47;3980.10;7256.51;4817.00;239.00;9390.50;2.00;853.50;0;0.00;798.16;0;0;4.54;0;1383.35;0.00;87.54;0;0;91.70;10751.07;0.00;0;0;5.30;146.00;88.80;107.74;
11/08/2026;4;38735.46;-37340.43;3863.61;6969.74;4872.00;239.00;9390.50;2.00;863.60;0;0.00;798.32;0;0;4.29;0;1471.06;0.08;86.90;0;0;126.60;9830.66;0.00;0;0;5.30;146.00;65.80;116.03;
11/08/2026;5;38056.41;-36829.00;3881.41;6700.41;4891.60;239.00;9390.50;2.00;870.66;0;0.00;802.05;0;0;4.19;0;1469.45;5.56;86.90;0;0;150.54;9349.14;0.00;0;0;5.30;146.00;61.70;182.67;
11/08/2026;6;36636.87;-36144.50;3826.91;6576.06;4925.00;239.00;9391.50;2.00;873.66;0;0.00;814.20;0;0;4.64;0;1389.39;310.03;82.48;0;0;140.28;7862.42;0.00;0;0;5.30;146.00;48.00;973.72;
11/08/2026;7;36184.31;-38431.26;3272.45;6345.36;4879.10;239.00;9143.00;2.20;870.65;0;0.00;829.14;0;0;4.64;0;1301.42;1425.21;83.42;0;0;99.61;7488.21;0.00;0;0;5.40;146.00;49.50;3667.22;
11/08/2026;8;38691.80;-45076.90;3545.80;6244.55;4877.40;239.00;9209.50;3.00;852.98;0;0.00;863.04;0;0;4.59;0;1460.23;2359.68;90.89;0;0;165.10;8579.54;0.00;0;0;4.50;146.00;46.00;7783.07;
11/08/2026;9;38502.94;-48535.01;3532.92;6163.50;4867.90;239.00;9228.50;3.80;835.58;0;0.00;895.33;0;0;4.59;0;1384.63;2621.28;92.05;0;0;171.40;8262.76;0.00;0;0;4.40;146.00;49.30;11726.11;
11/08/2026;10;37999.70;-50591.47;3345.55;6188.92;4923.60;239.00;9238.50;4.50;812.93;0;0.00;908.29;0;0;4.56;0;1336.18;2748.80;87.64;0;0;122.53;7838.80;0.00;0;0;4.40;146.00;49.50;14648.81;
11/08/2026;11;37834.69;-52136.32;3286.43;6225.28;4890.80;239.00;9203.00;4.80;790.85;0;0.00;914.64;0;0;4.74;0;1269.87;2824.02;87.98;0;0;68.91;7824.67;0.00;0;0;4.20;146.00;49.50;16207.50;
11/08/2026;12;36824.62;-51571.95;3083.53;6362.96;4752.10;239.00;8904.50;4.90;765.95;0;0.00;917.87;0;0;4.74;0;1186.29;2785.55;86.04;0;0;42.27;7488.42;0.00;0;0;5.00;146.00;49.50;16783.55;
11/08/2026;13;38316.37;-52925.06;3097.44;6693.77;4865.80;239.00;9239.50;4.50;744.51;0;0.00;913.23;0;0;3.80;0;1252.21;2829.23;84.79;0;0;89.55;8057.74;0.00;0;0;5.80;146.00;49.50;16397.47;
11/08/2026;14;41000.99;-54013.87;3602.46;7031.84;4950.90;239.00;9237.50;3.80;724.50;0;0.00;907.79;0;0;3.80;0;1364.76;2766.97;92.30;0;0;136.57;9737.30;0.00;0;0;6.00;146.00;49.50;15126.37;
11/08/2026;15;43053.02;-53856.50;3817.85;7524.98;4776.80;239.00;9420.32;3.00;712.99;0;0.00;896.85;0;0;3.80;0;1438.60;2666.19;92.34;0;0;135.35;11123.65;0.00;0;0;5.80;146.00;49.50;12911.21;
11/08/2026;16;46125.65;-53563.17;4958.88;7845.88;4760.20;239.00;9410.50;2.00;702.67;0;0.00;881.02;0;0;3.30;0;1453.90;2417.46;93.74;0;0;134.68;12998.62;0.00;0;0;5.80;146.00;72.00;9573.81;
11/08/2026;17;49278.03;-52313.98;7533.02;8169.40;4765.40;239.00;9396.50;2.00;695.69;0;0.00;847.65;0;0;3.30;0;1610.16;1797.13;93.66;0;0;163.85;13733.17;0.00;0;0;5.80;146.00;76.30;5642.03;
11/08/2026;18;50835.96;-50295.15;8720.09;8217.18;4785.40;239.00;9414.50;2.00;704.67;0;0.00;812.94;0;0;3.20;0;1793.94;693.95;93.64;0;0;255.71;14875.44;0.00;0;0;6.00;146.00;72.30;2116.78;
11/08/2026;19;52215.65;-49927.05;9800.76;8223.31;4865.10;239.00;9412.50;2.00;722.07;0;0.00;808.43;0;0;3.69;0;2211.25;57.06;94.43;0;0;245.52;15307.33;0.00;0;0;5.90;146.00;71.30;396.70;
11/08/2026;20;53061.03;-50723.39;10127.53;8349.76;4807.00;239.00;9411.50;2.00;744.47;0;0.00;806.03;0;0;3.69;0;2468.72;84.40;93.40;0;0;283.36;15406.47;0.00;0;0;5.40;146.00;82.30;120.14;
11/08/2026;21;52230.35;-49712.79;9818.37;8335.51;4885.00;239.00;9435.50;2.00;769.59;0;0.00;817.13;0;0;3.20;0;2334.24;33.30;91.18;0;0;212.36;15020.17;0.00;0;0;5.50;146.00;82.30;110.95;
11/08/2026;22;49887.28;-47921.46;9028.41;8101.82;4865.00;239.00;9109.00;2.00;790.61;0;0.00;821.62;0;0;3.85;0;1938.99;0.00;91.20;0;0;151.21;14511.67;0.00;0;0;4.60;146.00;82.30;109.31;
11/08/2026;23;47903.26;-45851.37;7747.91;7698.86;4871.00;239.00;9108.00;2.00;805.10;0;0.00;819.43;0;0;3.74;0;1819.81;0.00;92.18;0;0;148.26;14315.17;0.00;0;0;4.50;146.00;82.30;102.46;
12/08/2026;0;45067.31;-43500.78;6303.53;7134.87;4893.00;239.00;9087.00;0.60;825.15;0;0.00;808.81;0;1.80;3.79;0;1967.76;0.00;88.94;0;0;206.22;13273.84;0.00;0;0;4.90;146.00;82.10;107.75;
12/08/2026;1;42591.64;-41104.48;5286.83;6882.16;4925.00;239.00;9092.00;0.60;835.55;0;0.00;811.20;0;1.80;3.84;0;1853.55;0.00;87.60;0;0;187.80;12150.01;0.00;0;0;6.60;146.00;82.10;105.84;
12/08/2026;2;40564.36;-39298.27;4516.83;6560.13;4923.00;239.00;9092.00;0.60;845.77;0;0.00;812.97;0;1.80;3.89;0;1659.41;0.00;88.95;0;0;161.90;11424.21;0.00;0;0;5.80;146.00;82.10;104.85;
12/08/2026;3;39453.73;-38097.38;4182.73;6306.95;4731.00;239.00;9204.00;0.60;857.36;0;0.00;815.57;0;1.80;3.94;0;1660.53;0.00;88.94;0;0;154.40;10966.61;0.00;0;0;5.70;146.00;88.60;108.92;
12/08/2026;4;38336.50;-36983.76;3733.63;6258.65;4789.60;239.00;9259.00;0.60;869.60;0;0.00;816.87;0;1.80;3.99;0;1561.02;0.04;87.59;0;0;143.10;10354.61;0.00;0;0;5.80;146.00;65.60;119.95;
12/08/2026;5;37825.48;-36488.24;3796.63;6385.30;4839.00;239.00;9371.00;0.60;874.72;0;0.00;814.57;0;1.80;4.04;0;1565.82;6.34;87.60;0;0;112.15;9513.61;0.00;0;0;5.80;146.00;61.50;183.94;
12/08/2026;6;36363.70;-35853.85;3726.90;6363.36;4817.70;239.00;9393.50;0.60;874.52;0;0.00;822.43;0;1.80;4.29;0;1481.79;312.60;88.69;0;0;93.68;7943.24;0.00;0;0;5.80;146.00;47.80;947.60;
12/08/2026;7;36056.50;-38050.14;3400.44;6327.40;4761.80;239.00;9248.50;0.80;869.11;0;0.00;838.64;0;1.80;4.34;0;1258.80;1434.84;87.91;0;0;78.41;7303.51;0.00;0;0;5.90;146.00;49.30;3547.47;
12/08/2026;8;38695.53;-44632.52;3681.49;6448.48;4779.50;239.00;9342.50;1.60;850.34;0;0.00;871.60;0;1.80;4.59;0;1455.37;2380.33;92.78;0;0;164.40;8184.95;0.00;0;0;5.00;146.00;45.80;7441.13;
12/08/2026;9;38655.12;-48189.56;3466.83;6588.65;4789.30;239.00;9360.50;2.40;824.70;0;0.00;900.01;0;1.80;4.59;0;1417.30;2666.87;92.56;0;0;176.53;7924.18;0.00;0;0;4.80;146.00;49.10;11283.10;
12/08/2026;10;38104.96;-50176.37;3366.03;6798.89;4653.40;239.00;9335.50;3.10;796.09;0;0.00;914.92;0;1.80;4.55;0;1288.05;2822.10;85.55;0;0;160.31;7435.23;0.00;0;0;4.90;146.00;49.30;14121.26;
12/08/2026;11;37758.68;-51867.56;3398.17;7164.32;4687.00;239.00;8597.50;3.40;772.02;0;0.00;924.76;0;1.80;4.64;0;1298.40;2874.35;85.90;0;0;158.09;7348.99;0.00;0;0;4.80;146.00;49.30;15660.91;
12/08/2026;12;37145.24;-51292.05;3400.18;7595.10;4619.00;239.00;8008.50;3.50;749.00;0;0.00;912.86;0;1.80;4.49;0;1189.91;2838.33;86.23;0;0;44.09;7252.11;0.00;0;0;5.60;146.00;49.30;16194.08;
12/08/2026;13;38588.93;-52795.38;3401.18;8064.97;4784.40;239.00;8548.50;3.10;727.56;0;0.00;906.89;0;1.80;3.79;0;1216.12;2850.28;84.97;0;0;46.04;7508.73;0.00;0;0;6.30;146.00;49.30;15779.37;
12/08/2026;14;41347.38;-53933.56;3446.40;8582.00;4748.00;239.00;9223.50;2.40;706.47;0;0.00;891.13;0;1.80;4.34;0;1239.01;2796.43;86.98;0;0;91.44;9086.58;0.00;0;0;6.60;146.00;49.30;14439.70;
12/08/2026;15;43730.68;-53803.79;3641.97;8959.75;4744.50;239.00;9333.50;1.60;682.65;0;0.00;878.03;0;1.80;3.79;0;1350.43;2658.80;87.02;0;0;149.21;10796.93;0.00;0;0;6.40;146.00;49.30;12246.65;
12/08/2026;16;46431.63;-53623.27;4138.22;9265.09;4753.20;239.00;9365.50;0.60;674.39;0;0.00;855.85;0;1.80;3.69;0;1567.84;2350.87;93.74;0;0;147.35;12750.39;0.00;0;0;6.30;146.00;71.80;9054.61;
12/08/2026;17;49714.72;-52316.23;6263.43;9604.89;4746.40;239.00;9350.50;0.60;673.79;0;0.00;835.18;0;1.80;3.89;0;1789.30;1725.77;93.68;0;0;205.95;13952.04;0.00;0;0;6.40;146.00;76.10;5296.37;
12/08/2026;18;51062.87;-50405.91;7064.54;9944.84;4773.40;239.00;9421.50;0.60;687.57;0;0.00;809.14;0;1.80;3.89;0;1854.74;652.49;94.85;0;0;147.11;15142.80;0.00;0;0;6.50;146.00;72.10;2006.80;
12/08/2026;19;52342.36;-49944.39;7795.85;10098.47;4817.20;239.00;9420.50;0.60;718.57;0;0.00;800.44;0;1.80;3.89;0;2192.56;55.73;94.64;0;0;181.81;15697.80;0.00;0;0;6.40;146.00;71.10;406.51;
12/08/2026;20;53465.23;-50761.26;7775.05;10234.22;4822.00;239.00;9419.50;0.60;739.73;0;0.00;807.93;0;1.80;3.89;0;2475.20;129.28;93.49;0;0;260.60;16228.94;0.00;0;0;5.90;146.00;82.10;148.33;
12/08/2026;21;52548.69;-49719.58;7732.47;10312.40;4837.00;239.00;9395.50;0.60;763.35;0;0.00;805.26;0;1.80;3.89;0;2303.37;7.70;93.49;0;0;262.42;15556.34;0.00;0;0;6.00;146.00;82.10;141.27;
12/08/2026;22;50471.10;-47913.84;7036.27;10183.02;4818.00;239.00;9395.50;0.60;783.97;0;0.00;814.15;0;1.80;3.89;0;2032.77;0.00;93.49;0;0;221.50;14613.94;0.00;0;0;5.10;146.00;82.10;139.83;
12/08/2026;23;48478.86;-46065.82;5536.34;10025.10;4681.00;239.00;9395.50;0.60;793.70;0;0.00;823.99;0;1.80;3.89;0;1917.20;0.00;92.20;0;0;134.60;14600.84;0.00;0;0;5.00;146.00;82.10;136.21;
13/08/2026;0;45769.86;-43781.54;3675.47;10036.97;4702.00;240.00;9328.50;2.60;810.21;0;0.00;829.94;0;0;3.79;0;1803.26;0.00;88.88;0;0;123.40;13892.34;0.00;0;0;4.70;146.00;81.80;132.53;
13/08/2026;1;43347.08;-41360.00;2920.06;10026.52;4707.00;240.00;9333.77;2.60;821.45;0;0.00;830.93;0;0;3.79;0;1689.98;0.00;85.24;0;0;241.50;12209.94;0.00;0;0;6.50;146.00;81.80;134.47;
13/08/2026;2;41548.91;-39489.04;2521.06;9965.11;4670.00;240.00;9333.50;2.60;836.07;0;0.00;832.31;0;0;3.69;0;1570.59;0.00;86.24;0;0;150.30;11127.04;0.00;0;0;5.60;146.00;58.80;134.49;
13/08/2026;3;40285.24;-38376.29;2370.26;9998.86;4691.00;240.00;9217.36;2.60;848.76;0;0.00;830.53;0;0;3.59;0;1481.14;0.00;86.20;0;0;137.60;10164.54;0.00;0;0;5.60;146.00;61.20;141.95;
13/08/2026;4;39400.54;-37387.39;2371.16;10048.08;4699.00;240.00;9218.50;2.60;855.26;0;0.00;833.04;0;0;4.04;0;1478.02;0.05;87.55;0;0;139.10;9213.54;0.00;0;0;5.60;146.00;59.00;149.52;
13/08/2026;5;38757.26;-36865.33;2372.16;10092.92;4698.00;240.00;9216.50;2.60;862.82;0;0.00;831.45;0;0;3.59;0;1416.88;4.71;87.54;0;0;149.25;8568.24;0.00;0;0;5.60;146.00;59.00;217.95;
13/08/2026;6;37380.06;-36175.60;2372.55;10062.47;4686.90;240.00;9222.50;2.60;866.42;0;0.00;841.40;0;0;3.69;0;1334.95;297.41;83.14;0;0;92.57;7074.36;0.00;0;0;5.60;146.00;47.50;971.91;
13/08/2026;7;36875.71;-38550.70;2416.18;9957.90;4456.80;240.00;8383.50;2.60;855.21;0;0.00;855.97;0;0;4.14;0;1305.41;1389.20;84.07;0;0;42.23;6681.80;0.00;0;0;5.70;146.00;49.00;3606.73;
13/08/2026;8;39493.29;-45120.49;2282.53;9943.83;4397.40;240.00;8813.50;3.60;834.94;0;0.00;886.12;0;0;3.95;0;1393.59;2346.57;92.74;0;0;146.00;7911.32;0.00;0;0;5.40;146.00;45.80;7711.42;
13/08/2026;9;39492.13;-48674.97;2280.29;10033.33;4421.50;240.00;8500.50;4.40;811.20;0;0.00;907.09;0;0;4.34;0;1365.06;2646.10;93.00;0;0;160.50;7824.32;0.00;0;0;5.30;146.00;49.20;11645.81;
13/08/2026;10;38470.99;-50738.24;2278.13;10088.68;4287.40;240.00;8002.00;5.00;790.39;0;0.00;921.00;0;0;4.34;0;1327.57;2818.23;87.37;0;0;150.65;7269.53;0.00;0;0;5.40;146.00;49.30;14513.72;
13/08/2026;11;38275.99;-52476.24;2403.66;10206.92;4203.00;240.00;7911.50;5.30;760.82;0;0.00;927.06;0;0;4.34;0;1336.17;2872.81;86.59;0;0;148.18;6973.14;0.00;0;0;5.20;146.00;45.30;16040.23;
13/08/2026;12;37299.56;-51976.40;2407.05;10273.58;4211.00;240.00;7409.20;5.70;736.31;0;0.00;925.00;0;0;4.34;0;1159.04;2826.43;85.17;0;0;41.59;6774.35;0.00;0;0;6.00;146.00;48.80;16506.63;
13/08/2026;13;39090.58;-53258.97;2404.70;10650.16;4320.90;240.00;8314.50;5.00;720.07;0;0.00;925.97;0;0;4.44;0;1244.03;2854.49;85.35;0;0;42.80;7079.07;0.00;0;0;6.20;146.00;46.90;16077.11;
13/08/2026;14;41477.73;-54418.36;2439.73;10911.95;4429.80;268.00;9094.50;4.50;702.07;0;0.00;920.02;0;0;3.89;0;1344.59;2724.00;89.57;0;0;145.96;8201.65;0.00;0;0;6.50;146.00;45.00;14693.85;
13/08/2026;15;43891.24;-54343.20;2569.74;11086.60;4438.60;268.00;9261.50;3.80;688.65;0;0.00;911.99;0;0;4.09;0;1369.82;2624.39;91.38;0;0;213.23;10139.15;0.00;0;0;6.30;146.00;68.00;12425.82;
13/08/2026;16;46909.49;-53745.44;3035.07;11382.68;4427.20;240.00;9273.50;2.60;701.29;0;0.00;889.52;0;0;3.89;0;1542.87;2349.22;93.59;0;0;211.36;12526.10;0.00;0;0;6.20;146.00;78.40;9202.13;
13/08/2026;17;49535.15;-52494.94;4165.30;11624.77;4518.50;240.00;9258.50;2.60;695.69;0;0.00;870.14;0;0;3.99;0;1728.87;1735.59;93.65;0;0;173.47;14195.78;0.00;0;0;6.20;146.00;76.10;5346.42;
13/08/2026;18;50829.90;-50599.21;5166.73;11809.36;4579.40;240.00;9359.50;2.60;703.47;0;0.00;843.53;0;0;4.04;0;1928.04;648.01;94.75;0;0;252.38;14973.59;0.00;0;0;6.40;146.00;72.10;2012.19;
13/08/2026;19;52018.31;-50168.83;5815.68;11787.20;4664.30;240.00;9387.50;2.60;714.97;0;0.00;832.06;0;0;3.59;0;2249.45;49.76;94.59;0;0;185.01;15768.10;0.00;0;0;6.40;146.00;71.10;394.14;
13/08/2026;20;53025.70;-50978.81;5796.45;11980.58;4755.00;240.00;9386.50;2.60;757.43;0;0.00;835.36;0;0;4.04;0;2444.76;174.80;94.14;0;0;184.70;16135.44;0.00;0;0;5.80;146.00;82.10;156.71;
13/08/2026;21;52348.48;-49816.55;5730.44;11846.22;4767.00;240.00;9351.50;2.60;774.45;0;0.00;835.29;0;0;3.59;0;2370.81;7.70;93.44;0;0;230.50;15861.04;0.00;0;0;5.80;146.00;82.10;145.05;
13/08/2026;22;50377.23;-47946.96;4922.85;11712.26;4822.00;240.00;9351.50;2.60;799.37;0;0.00;835.75;0;0;3.59;0;2064.28;0.00;93.45;0;0;263.64;15032.94;0.00;0;0;4.90;146.00;82.10;147.26;
13/08/2026;23;48144.08;-45893.19;3353.26;11688.21;4789.00;240.00;9352.50;2.60;811.90;0;0.00;835.74;0;0;4.04;0;1852.34;0.00;90.05;0;0;246.90;14644.54;0.00;0;0;4.90;146.00;82.10;144.30;
14/08/2026;0;45321.43;-43223.85;2437.95;11463.12;4762.00;240.00;9055.50;2.50;837.31;0;0.00;829.30;0;1.70;3.59;0;1822.03;0.00;87.85;0;0;183.34;13391.94;0.00;0;0;4.70;146.00;52.60;139.13;
14/08/2026;1;42956.90;-40935.66;2121.13;11387.81;4790.50;240.00;8806.50;2.50;848.85;0;0.00;829.71;0;1.70;3.59;0;1659.28;0.00;86.49;0;0;150.20;11827.64;0.00;0;0;6.50;146.00;48.50;138.23;
14/08/2026;2;41422.93;-39196.20;2086.63;11215.68;4510.00;240.00;8592.50;2.50;862.17;0;0.00;830.82;0;1.70;4.03;0;1507.77;0.00;84.89;0;0;130.50;11149.64;0.00;0;0;5.60;146.00;52.50;134.49;
14/08/2026;3;40032.98;-38072.59;1924.14;11084.41;4534.00;240.00;7636.50;2.50;874.86;0;0.00;831.85;0;1.70;4.04;0;1496.24;0.00;86.50;0;0;146.50;10965.64;0.00;0;0;5.60;146.00;52.50;140.25;
14/08/2026;4;39142.52;-37141.97;1946.23;10886.20;4566.00;240.00;7636.50;2.50;887.80;0;0.00;832.93;0;1.70;4.04;0;1366.58;0.00;86.50;0;0;140.80;10340.64;0.00;0;0;5.60;146.00;52.50;148.80;
14/08/2026;5;38393.42;-36683.76;1947.23;10713.10;4652.00;240.00;7754.50;2.50;889.96;0;0.00;817.63;0;1.70;4.03;0;1394.21;4.28;86.50;0;0;231.34;9450.34;0.00;0;0;5.60;146.00;52.50;207.21;
14/08/2026;6;37197.16;-36128.83;1957.93;10531.85;4729.00;240.00;8152.50;2.50;894.26;0;0.00;826.33;0;1.70;4.14;0;1385.06;277.10;82.07;0;0;218.53;7701.69;0.00;0;0;5.60;146.00;40.90;922.98;
14/08/2026;7;36849.73;-38390.15;1967.26;10495.03;4613.00;240.00;7194.50;2.50;885.75;0;0.00;839.47;0;1.70;4.14;0;1340.99;1283.80;82.75;0;0;33.69;7670.55;0.00;0;0;5.80;146.00;42.80;3462.85;
14/08/2026;8;39393.48;-44667.88;2026.77;10468.65;4633.90;240.00;7781.50;3.50;865.04;0;0.00;868.25;0;1.70;3.89;0;1405.79;2264.20;92.16;0;0;93.90;8454.03;0.00;0;0;4.90;146.00;39.30;7347.14;
14/08/2026;9;39238.23;-48038.99;2032.41;10489.58;4773.90;240.00;7405.50;4.30;842.90;0;0.00;882.49;0;1.70;4.22;0;1433.88;2606.91;92.97;0;0;220.50;8013.37;0.00;0;0;4.80;146.00;42.80;11166.35;
14/08/2026;10;38392.94;-49792.37;2033.77;10535.82;4774.59;240.00;7110.80;4.90;824.19;0;0.00;918.95;0;1.70;4.00;0;1320.72;2780.75;87.31;0;0;222.33;7339.41;0.00;0;0;4.90;146.00;42.80;13948.87;
14/08/2026;11;37808.29;-51057.97;2251.71;10273.49;4781.30;240.00;7156.50;5.20;804.62;0;0.00;927.56;0;1.70;4.34;0;1294.73;2833.62;86.98;0;0;150.08;6802.96;0.00;0;0;4.70;146.00;42.80;15535.46;
14/08/2026;12;36234.18;-50098.43;2240.62;10590.13;5178.30;240.00;7154.50;5.60;775.01;0;0.00;932.39;0;1.70;4.34;0;1185.07;2765.39;86.02;0;0;39.54;4841.27;0.00;0;0;5.50;146.00;42.80;16076.01;
14/08/2026;13;36800.68;-50382.49;2210.48;10495.95;5189.40;240.00;7742.30;4.90;749.17;0;0.00;933.01;0;1.70;4.34;0;1205.28;2819.51;84.75;0;0;40.56;4884.23;0.00;0;0;6.30;146.00;42.80;15521.41;
14/08/2026;14;40102.50;-52285.61;2306.51;10541.78;5480.19;240.00;8624.50;4.40;730.87;0;0.00;930.41;0;1.70;4.34;0;1309.14;2712.86;90.51;0;0;150.31;6779.58;0.00;0;0;6.60;146.00;42.80;14168.65;
14/08/2026;15;42643.24;-52267.84;2521.38;10741.37;5494.00;240.00;8667.50;3.70;720.45;0;0.00;918.16;0;1.70;4.34;0;1399.00;2537.55;92.34;0;0;148.29;8958.26;0.00;0;0;6.40;146.00;42.80;11894.37;
14/08/2026;16;45281.28;-51861.61;2880.83;10831.82;5493.79;240.00;8658.50;2.50;714.39;0;0.00;903.88;0;1.70;4.34;0;1446.07;2228.75;94.54;0;0;149.15;11412.92;0.00;0;0;6.30;146.00;65.80;8653.19;
14/08/2026;17;47906.98;-51016.99;4283.83;10992.52;5483.70;240.00;8645.50;2.50;716.39;0;0.00;882.77;0;1.70;4.34;0;1749.47;1547.40;94.63;0;0;123.97;12916.86;0.00;0;0;6.30;146.00;69.10;4982.79;
14/08/2026;18;49428.33;-49241.29;5846.82;11035.70;5527.90;240.00;8752.50;2.50;728.07;0;0.00;856.53;0;1.70;4.04;0;1771.13;561.56;94.95;0;0;156.44;13630.49;0.00;0;0;6.40;146.00;65.60;1843.15;
14/08/2026;19;50604.51;-48917.64;6186.18;11005.95;5523.00;240.00;8781.50;2.50;749.47;0;0.00;844.26;0;1.70;4.04;0;2122.61;41.09;94.74;0;0;230.30;14560.27;0.00;0;0;6.30;146.00;64.60;366.97;
14/08/2026;20;51358.41;-49593.26;6363.28;10926.96;5527.00;240.00;8780.50;2.50;774.43;0;0.00;844.97;0;1.70;4.04;0;2364.09;57.80;94.30;0;0;247.00;14902.44;0.00;0;0;5.80;146.00;75.60;143.14;
14/08/2026;21;50500.82;-48584.86;6321.21;10842.70;5498.00;240.00;8815.50;2.50;799.55;0;0.00;846.90;0;1.70;4.04;0;2288.98;3.70;93.60;0;0;228.70;14286.34;0.00;0;0;5.80;146.00;75.60;132.83;
14/08/2026;22;48560.20;-46708.06;5437.12;10556.79;5481.00;240.00;8815.50;2.50;819.37;0;0.00;848.90;0;1.70;4.04;0;1960.04;0.00;92.60;0;0;182.80;13891.34;0.00;0;0;4.90;146.00;75.60;132.95;
14/08/2026;23;46522.36;-44811.45;4165.02;10288.90;5488.00;240.00;8815.50;2.50;832.90;0;0.00;847.85;0;1.70;4.04;0;1861.61;0.00;91.30;0;0;143.90;13512.74;0.00;0;0;4.80;146.00;75.60;129.43;